rna,disease
hsa_circ_0000977,Pancreatic ductal adenocarcinoma
hsa_circ_0006220,Pancreatic ductal adenocarcinoma
hsa_circ_0001666,Pancreatic ductal adenocarcinoma
hsa_circ_0043278,Pancreatic ductal adenocarcinoma
hsa_circ_0078297,Pancreatic ductal adenocarcinoma
hsa_circ_0089810,Primary great saphenous vein varicosities
hsa_circ_0000378,Primary great saphenous vein varicosities
hsa_circ_0006427,Primary great saphenous vein varicosities
hsa_circ_0003171,Primary great saphenous vein varicosities
circ_SDHA,Primary great saphenous vein varicosities
hsa_circ_0005267,Primary great saphenous vein varicosities
hsa_circRNA_100571,Primary hepatic carcinoma
hsa_circRNA_400031,Primary hepatic carcinoma
hsa_circRNA_102032,Primary hepatic carcinoma
hsa_circRNA_103096,Primary hepatic carcinoma
hsa_circRNA_102347,Primary hepatic carcinoma
circMAN2B2/hsa_circRNA_103595,Lung cancer
hsa_circ_0037911,Essential hypertension
hsa_circ_0002161,Essential hypertension
circRNA.1030,Gestational diabetes mellitus
circRNA.5333,Gestational diabetes mellitus
circRNA.33299,Gestational diabetes mellitus
circRNA.20159,Gestational diabetes mellitus
circRNA.37134,Gestational diabetes mellitus
circRNA.22054,Gestational diabetes mellitus
hsa_circ_0007385,Non-small cell lung cancer
hsa_circ_400011/hsa_circ_0092374,Systemic lupus erythematosus
hsa_circRNA_000167,Pancreatic cancer
hsa_circRNA_100433,Pancreatic cancer
hsa_circRNA_101717,Pancreatic cancer
hsa_circRNA_102049,Pancreatic cancer
hsa_circRNA_102051,Pancreatic cancer
hsa_circRNA_102619,Pancreatic cancer
hsa_circRNA_103076,Pancreatic cancer
hsa_circRNA_103390,Pancreatic cancer
hsa_circRNA_104084,Pancreatic cancer
hsa_circRNA_104270,Pancreatic cancer
circ-Foxo3,Non-small cell lung cancer
hsa_circ_102584/hsa_circ_0003146,Systemic lupus erythematosus
hsa_circ_101471/hsa_circ_0034398,Systemic lupus erythematosus
hsa_circ_104807/hsa_circ_0001866,Systemic lupus erythematosus
hsa_circ_102571/hsa_circ_0008615,Systemic lupus erythematosus
hsa_circ_100226/hsa_circ_0046599,Systemic lupus erythematosus
hsa_circ_100775/hsa_circ_0021549,Systemic lupus erythematosus
hsa_circ_101889/hsa_circ_0040705,Systemic lupus erythematosus
hsa_circ_0001649,Glioma
hsa_circ_0007534,Glioma
circRNA_102231,Lung cancer
circRNA_0084927/hsa_circ_0084927,Acne
circRNA_0001073/hsa_circ_0001073,Acne
circRNA_0005941/hsa_circ_0005941,Acne
circRNA_0086376/hsa_circ_0086376,Acne
circRNA_0018168/hsa_circ_0018168,Acne
hsa_circ_0000172,Bladder cancer
hsa_circ_0002495,Bladder cancer
Chr22: 28943661,Bladder cancer
Chr5: 158368701,Bladder cancer
Chr9: 74522734,Bladder cancer
hsa_circ_0011946,Breast cancer
hsa_circ_0007534,Breast cancer
hsa_circ_0093859,Breast cancer
hsa_circ_0000284/circHIPK3,Colorectal cancer
circHECTD1,Silicosis
circ_0004712/hsa_circ_0004712,Ovarian endometriosis
circ_0002198/hsa_circ_0002198,Ovarian endometriosis
hsa_circ_0067934,Hepatocellular carcinoma
circHLA-C,Lupus nephritis
circZNF609/hsa_circ_0000615,Lupus nephritis
circEKL4/hsa_circ_0000175,Lupus nephritis
circFAM188A/hsa_circ_0000219,Lupus nephritis
circUBR5/hsa_circ_0001819,Lupus nephritis
circPDE4B/hsa_circ_0008433,Lupus nephritis
circSP100/hsa_circ_0003922,Lupus nephritis
chr5:90817794|90827570,Cardiovascular disease
chr8:71336875|71337745,Cardiovascular disease
chr6:22033342|22038870,Cardiovascular disease
chr11:34060062|34073206,Cardiovascular disease
circRNA-000911,Breast cancer
circRNA-001283,Breast cancer
circRNA-001175,Breast cancer
circRNA-100438,Breast cancer
circC3P1,Hepatocellular carcinoma
circPRKCI/hsa_circ_0067934,Lung adenocarcinoma
hsa_circ_0087537,Facet joint osteoarthritis
hsa_circ_0072668,Facet joint osteoarthritis
hsa_circ_0071896,Facet joint osteoarthritis
hsa_circ_0063781,Facet joint osteoarthritis
hsa_circ_0053743,Facet joint osteoarthritis
hsa_circ_0029067,Facet joint osteoarthritis
hsa_circ_0005127,Facet joint osteoarthritis
circ-SHKBP1,Glioma
circ-FBXW7,Glioma
circRNA_Atp9b/circ_15898,Osteoarthritis
hsa_circ_0046701,Glioma
hsa_circ_0001649,Glioma
CircDOCK1/hsa_circ_100721,Oral squamous cell carcinoma
hsa_circ_0003159,Gastric cancer
hsa_circRNA_001937,Tuberculosis
hsa_circRNA_009024,Tuberculosis
hsa_ circRNA_005086,Tuberculosis
hsa_circRNA_102101,Tuberculosis
hsa_circRNA_104964,Tuberculosis
hsa_circRNA_104296,Tuberculosis
circATP2B1/hsa_circ_000826/hsa_circ_0000426,Clear cell renal cell carcinoma
hsa_circ_0001649,Colorectal cancer
hsa_circ_0080210/circ-GRB10,Intervertebral disc degeneration
hsa_circ_0000284/circHIPK3,Hepatocellular carcinoma
circSMARCA5/hsa_circ_0001445,Glioblastoma multiforme
hsa_circ_0014717,Colorectal cancer
mmu_circRNA_017963,Alzheimer¡¯s disease
mmu_circRNA_003540,Alzheimer¡¯s disease
mmu_circRNA_013699,Alzheimer¡¯s disease
mmu_circRNA_012180,Alzheimer¡¯s disease
mmu_circRNA_006173,Alzheimer¡¯s disease
mmu_circRNA_006229,Alzheimer¡¯s disease
circRNA-000284,Cervical cancer
hsa_circ_0014130,Non-small cell lung cancer
hsa_circ_0016760,Non-small cell lung cancer
circPVT1/hsa_circ_0001821,Osteosarcoma
hsa_circ_0109046,Endometrial cancer
hsa_circ_0002577,Endometrial cancer
hsa_circ_0012673,Lung adenocarcinoma
hsa_circ_0067531,Hepatocellular carcinoma
hsa_circ_0001649,Cholangiocarcinoma
mmu-circRNA-30365 ,Osteoarthritis
mmu-circRNA-33736,Osteoarthritis
mmu-circRNA-2483,Osteoarthritis
mmu-circRNA-36866,Osteoarthritis
mmu-circRNA-33186,Osteoarthritis
mmu-circRNA-2443,Osteoarthritis
mmu-circRNA-7063,Osteoarthritis
hsa_circ_0000520,Gastric cancer
hsa_circ_0001859,Rheumatoid arthritis
circZC3H4/mmu_circ_0001544,Silicosis
hsa_circ_0015756,Hepatoblastoma
hsa_circ_0040081,Hepatoblastoma
hsa_circ_0067745,Hepatoblastoma
hsa_circ_0062163,Hepatoblastoma
hsa_circ_0079549,Hepatoblastoma
hsa_circ_0017515,Hepatoblastoma
hsa_circ_0045510,Hepatoblastoma
hsa_circ_0005931,Hepatoblastoma
hsa_circ_0078710,Hepatoblastoma
hsa_circ_0041731,Hepatoblastoma
hsa_circ_0043534,Hepatoblastoma
hsa_circ_0023110,Hepatoblastoma
hsa_circ_0023114,Hepatoblastoma
hsa_circ_0066077,Hepatoblastoma
hsa_circ_0023117,Hepatoblastoma
hsa_circ_0057336,Hepatoblastoma
hsa_circ_0072359,Hepatoblastoma
hsa_circ_0062557,Ovarian endometriosis
hsa_circ_0026143,Ovarian endometriosis
hsa_circ_0023115,Ovarian endometriosis
hsa_circ_0000673,Ovarian endometriosis
hsa_circ_0009910,Osteosarcoma
circDLGAP4/mmu_circ_0001098,Acute ischemic stroke
circDLGAP4,Acute ischemic stroke
hsa_circ_0074362,Gastric cancer
hsa_circ_0001017,Gastric cancer
hsa_circ_0061276,Gastric cancer
hsa_circ_0007534,Colorectal cancer
rno_circRNA_006508,Traumatic brain injury
rno_circRNA_010705,Traumatic brain injury
rno_circRNA_001167,Traumatic brain injury
rno_circRNA_001168,Traumatic brain injury
circHECTD1/mmu_circ_0000375/mm9_circ_002888,Silicosis
hsa_circ_0000567,Colorectal cancer
hsa_circ_0001564,Osteosarcoma
circSMARCA5/hsa_circ_0001445,Hepatocellular carcinoma
circ-ZFR,Gastric cancer
CDR1as/ciRS-7/hsa_circ_0001946,Gastric cancer
circVMA21/hsa_circ_0091702,Intervertebral disc degeneration
Cir-ITCH/hsa_circ_0001141/hsa_circ_001763,Bladder cancer
circRNA_0046366,Hepatic steatosis
hsa_circ_0000681,Pulmonary tuberculosis
hsa_circ_0008797,Pulmonary tuberculosis
hsa_circ_0002113,Pulmonary tuberculosis
hsa_circ_0002362,Pulmonary tuberculosis
hsa_circ_0000414,Pulmonary tuberculosis
hsa_circ_0063179,Pulmonary tuberculosis
hsa_circ_0002908,Pulmonary tuberculosis
circUBAP2,Lung cancer
hsa_circRNA_404833,Lung adenocarcinoma
hsa_circRNA_006411,Lung adenocarcinoma
hsa_circRNA_401977,Lung adenocarcinoma
circWDR77/hsa_circ_0013509,Cardiovascular disease
circRNA_100782,Pancreatic ductal adenocarcinoma
circRNA_100782,Pancreatic ductal adenocarcinoma
hsa_circ_0000064,Lung cancer
hsa_circ_0005105,Osteoarthritis
hsa_circ_0075001/circNPM1,Acute myeloid leukemia
circRNA BCRC4/hsa_circ_001598/hsa_circ_0001577,Bladder cancer
hsa_circ_0005015,Diabetes retinopathy
hsa_circ_0000615,Diabetes retinopathy
hsa_circ_0019069,Diabetes retinopathy
hsa_circ_0066922,Diabetes retinopathy
hsa_circ_0081108,Diabetes retinopathy
hsa_circ_0081162,Diabetes retinopathy
hsa_circ_0087206,Diabetes retinopathy
hsa_circ_0087215,Diabetes retinopathy
hsa_circ_0041796,Diabetes retinopathy
hsa_circ_0072410,Diabetes retinopathy
hsa_circ_0026388,Diabetes retinopathy
hsa_circ_0057093,Diabetes retinopathy
hsa_circ_0030055,Diabetes retinopathy
hsa_circ_0026372,Diabetes retinopathy
hsa_circ_0068489,Diabetes retinopathy
hsa_circ_0008305,Intervertebral disc degeneration
hsa_circ_0041946,Intervertebral disc degeneration
hsa_circRNA_104194/hsa_circ_0004712,Rheumatoid arthritis
hsa_circRNA_104593/hsa_circ_0083964,Rheumatoid arthritis
hsa_circRNA_103334/hsa_circ_0064996,Rheumatoid arthritis
hsa_circRNA_101407/hsa_circ_0032683,Rheumatoid arthritis
hsa_circRNA_102594/hsa_circ_0052012,Rheumatoid arthritis
circ-LDLRAD3/hsa_circ_0006988,Pancreatic cancer
hsa_circ_0043256,Non-small cell lung cancer
hsa_circ_0021001,Intracranial aneurysms
hsa-circRNA11783-2,Coronary artery disease
hsa-circRNA11783-2,Type 2 diabetes mellitus
hsa-circRNA11806-28,Coronary artery disease
hsa-circRNA11806-28,Type 2 diabetes mellitus
hsa-circRNA6510-1,Coronary artery disease
hsa-circRNA6510-1,Type 2 diabetes mellitus
hsa_circ_0003575,Atherosclerosis
circSMARCA5/hsa_circ_0001445,Prostate cancer
circRNA-chr19,Ebola virus disease
circRNA_14623,Pulmonary tuberculosis
circRNA_09585,Pulmonary tuberculosis
circRNA_05538,Pulmonary tuberculosis
circRNA_09993,Pulmonary tuberculosis
circRNA_13478,Pulmonary tuberculosis
circRNA_00074,Pulmonary tuberculosis
CircARSP91/hsa_circ_0085154,Hepatocellular carcinoma
hsa_circRNA_070616/hsa_circ_0070616,Repeated implantation failure
hsa_circRNA_103716/hsa_circ_0006935,Repeated implantation failure
hsa_circRNA_104001,Repeated implantation failure
hsa_circRNA_104854,Repeated implantation failure
hsa_circRNA_004183,Repeated implantation failure
hsa_circRNA_044353,Repeated implantation failure
hsa_circRNA_404686,Repeated implantation failure
circRNA120,Esophageal squamous cell carcinoma
circRNA167,Esophageal squamous cell carcinoma
circRNA2918,Esophageal squamous cell carcinoma
circRNA3341,Esophageal squamous cell carcinoma
circRNA3594,Esophageal squamous cell carcinoma
circRNA3703,Esophageal squamous cell carcinoma
circRNA3706,Esophageal squamous cell carcinoma
circRNA3707,Esophageal squamous cell carcinoma
circRNA378,Esophageal squamous cell carcinoma
circRNA4628,Esophageal squamous cell carcinoma
circRNA5669,Esophageal squamous cell carcinoma
circRNA666,Esophageal squamous cell carcinoma
circRNA7534,Esophageal squamous cell carcinoma
circRNA7535,Esophageal squamous cell carcinoma
circRNA7536,Esophageal squamous cell carcinoma
circRNA7537,Esophageal squamous cell carcinoma
circRNA7673,Esophageal squamous cell carcinoma
circRNA7674,Esophageal squamous cell carcinoma
circRNA7675,Esophageal squamous cell carcinoma
circRNA7676,Esophageal squamous cell carcinoma
circRNA7679,Esophageal squamous cell carcinoma
circRNA8505,Esophageal squamous cell carcinoma
circRNA8506,Esophageal squamous cell carcinoma
circRNA8507,Esophageal squamous cell carcinoma
circRNA904,Esophageal squamous cell carcinoma
circRNA9227,Esophageal squamous cell carcinoma
circRNA9652,Esophageal squamous cell carcinoma
circRNA9656,Esophageal squamous cell carcinoma
circRNA9658,Esophageal squamous cell carcinoma
circRNA9671,Esophageal squamous cell carcinoma
circRNA9771,Esophageal squamous cell carcinoma
circRNA9777,Esophageal squamous cell carcinoma
mmu_circRNA_19423,Acute respiratory distress syndrome
rno_circRNA_010489,Acute respiratory distress syndrome
rno_circRNA_011426,Acute respiratory distress syndrome
mmu_circRNA_30664,Acute respiratory distress syndrome
rno_circRNA_005564 ,Acute respiratory distress syndrome
hsa_circ_0003221/circPTK2,Bladder cancer
circRNA0047905/hsa_circ_0047905,Gastric cancer
circRNA0138960/hsa_circ_0138960,Gastric cancer
circRNA0138960/has-circRNA7690-15,Gastric cancer
hsa_circRNA_100933/hsa_circ_0023984,Infantile hemangioma
hsa_circRNA_100709/hsa_circ_0003570,Infantile hemangioma
hsa_circRNA_104310/hsa_circ_0079385,Infantile hemangioma
hsa_circRNA_102116/hsa_circ_0003258,Infantile hemangioma
hsa_circRNA_051239/hsa_circ_0051239,Infantile hemangioma
hsa_circRNA_102039/hsa_circ_0043138,Infantile hemangioma
hsa_circ_0001982,Breast cancer
hsa_circ_402458 ,Primary biliary cholangitis
hsa_circ_406329,Primary biliary cholangitis
hsa_circ_407176,Primary biliary cholangitis
hsa_circ_082319,Primary biliary cholangitis
circZFR/hsa_circRNA_103809/hsa_circ_10072088,Liver cancer
circFUT8/hsa_circRNA_101368/hsa_circ_0003028,Liver cancer
circIPO11/hsa_circRNA_103847/hsa_circ_0007915,Liver cancer
hsa_circ_0000615/MICRA,Myocardial infarction
hsa_circ_0043497,Tuberculosis
hsa_circ_0030045,Tuberculosis
hsa_circ_0001417,Tuberculosis
hsa_circ_0030569,Tuberculosis
hsa_circ_0001204 ,Tuberculosis
hsa_circ_0001785,Breast cancer
hsa_circ_0108942,Breast cancer
hsa_circ_0068033,Breast cancer
circ-NT5C2/hsa_circ_0092509,Osteosarcoma
circMTO1/hsa_circRNA_0007874/hsa_circRNA_104135,Hepatocellular carcinoma
hsa_circ_0000284/circHIPK3,Diabetes mellitus
mmu_circ_0001052/circHIPK3,Diabetes mellitus
hsa_circ_000984/hsa_circ_0001724,Colorectal cancer
hsa_circRNA_100914/hsa_circ_0023903,Moyamoya disease
hsa_circRNA_103343/hsa_circ_0002569,Moyamoya disease
hsa_circRNA_050898/hsa_circ_0050898,Moyamoya disease
hsa_circRNA_101720/hsa_circ_0002078,Moyamoya disease
hsa_circRNA_067209/hsa_circ_0067209,Moyamoya disease
hsa_circ_0005836,Active pulmonary tuberculosis
hsa_circ_0009128,Active pulmonary tuberculosis
hsa_circ_0023956,Active pulmonary tuberculosis
hsa_circ_0078768,Active pulmonary tuberculosis
hsa_circ_0088452,Active pulmonary tuberculosis
circRNA0003906,Colorectal cancer
circGFRA1/hsa_circ_005239,Triple negative breast cancer
hsa_circ_0045714,Osteoarthritis
CDR1as/ciRS-7/hsa_circ_0001946,Hepatocellular carcinoma
circAmotl1/hsa_circ_0004214,Breast cancer
hsa_circ_0000284/circHIPK3,Bladder cancer
hsa_circRNA_103801,Osteosarcoma
hsa_circRNA_102049,Osteosarcoma
hsa_circRNA_103309,Osteosarcoma
hsa_circRNA_101113,Osteosarcoma
hsa_circRNA_102485,Osteosarcoma
hsa_circRNA_100241,Osteosarcoma
hsa_circRNA_104980,Osteosarcoma
hsa_circRNA_104692,Osteosarcoma
hsa_circRNA_104892,Osteosarcoma
hsa_circRNA_102678,Osteosarcoma
hsa_circRNA_103110,Osteosarcoma
hsa_circRNA_100258,Osteosarcoma
hsa_circ_0091017,Bladder cancer
hsa_circ_0002024,Bladder cancer
hsa_circ_0018289,Cervical cancer
hsa_circ_0011021,Cervical cancer
hsa_circ_0034912,Cervical cancer
hsa_circ_0091822,Cervical cancer
hsa_circ_0089231,Cervical cancer
hsa_circ_0087432,Cervical cancer
hsa_circ_0000181,Gastric cancer
hsa_circ_0000745,Gastric cancer
hsa_circ_0085616,Gastric cancer
hsa_circ_0006127,Gastric cancer
hsa_circ_0006528,Breast cancer
hsa_circ_0002113,Breast cancer
hsa_circ_0002874,Breast cancer
hsa_circ_0001667,Breast cancer
hsa_circ_0085495,Breast cancer
hsa_circ_0086241,Breast cancer
hsa_circ_0092276,Breast cancer
hsa_circ_0003838,Breast cancer
hsa_circ_0071410,Radiation-induced liver fibrosis
hsa_circ_0054345,Radiation-induced liver fibrosis
hsa_circ_0072765,Radiation-induced liver fibrosis
hsa_circ_0070963,Radiation-induced liver fibrosis
hsa_circ_0061893,Radiation-induced liver fibrosis
hsa_circ_0013255,Radiation-induced liver fibrosis
hsa_circ_0020397,Colorectal cancer
circMylk/circRNA-MYLK/hsa_circ_0002768,Bladder cancer
hsa_circ_0035560,Multiple sclerosis
hsa_circ_0005402,Multiple sclerosis
hsa_circ_0000518,Multiple sclerosis
hsa_circ_0000517,Multiple sclerosis
hsa_circ_0000519,Multiple sclerosis
hsa_circ_0000520,Multiple sclerosis
hsa_circ_0001400,Multiple sclerosis
hsa_circ_0056731,Multiple sclerosis
hsa_circ_0024892,Multiple sclerosis
circVRK1,Breast cancer
circBRIP,Breast cancer
circOLA,Breast cancer
circETFA,Breast cancer
circMED13,Breast cancer
circBCL11B,Breast cancer
hsa_circ_0000026,Gastric cancer
hsa_circ_0000144,Gastric cancer
hsa_circ_0032821,Gastric cancer
hsa_circ_0005529,Gastric cancer
hsa_circ_0061274,Gastric cancer
hsa_circ_0005927,Gastric cancer
hsa_circ_0092341,Gastric cancer
hsa_circ_0001561,Gastric cancer
circLARP4,Gastric cancer
mmu_circRNA_40001,Ischemic brain after stroke
mmu_circRNA_013120,Ischemic brain after stroke
mmu_circRNA_40806,Ischemic brain after stroke
hsa_circ_101396,Leukoaraiosis
hsa_circ_102533 ,Leukoaraiosis
hsa_circ_103783,Leukoaraiosis
hsa_circ_102470,Leukoaraiosis
has-circRNA_0046367,Hepatic steatosis
rno_circRNA_006016,Hypertension
circRNA_100290/hsa_circ_0013339/hsa_circ_100290,Oral squamous cell carcinomas
hsa_circ_0076304,Gastric cancer
hsa_circ_0035431,Gastric cancer
hsa_circ_0076305,Gastric cancer
hsa_circRNA_063981,Diabetic retinopathy
hsa_circRNA_ 404457,Diabetic retinopathy
hsa_circRNA_100750,Diabetic retinopathy
hsa_circRNA_406918,Diabetic retinopathy
hsa_ circRNA_104387,Diabetic retinopathy
hsa_circRNA_103410,Diabetic retinopathy
hsa_circRNA_ 100192,Diabetic retinopathy
circDENND4C,Breast cancer
hsa_circRNA_003251,T2DM with depression
hsa_circRNA_015115,T2DM with depression
hsa_circRNA_100918,T2DM with depression
hsa_circRNA_005019 ,T2DM with depression
circR-284,Carotid disease and ischemic stroke
hsa_circ_0005986,Hepatocellular carcinoma
hsa_circ_0058106,Hypopharyngeal squamous cell carcinoma
hsa_circ_0058107,Hypopharyngeal squamous cell carcinoma
hsa_circ_0024108,Hypopharyngeal squamous cell carcinoma
hsa_circ_0036722,Hypopharyngeal squamous cell carcinoma
hsa_circ_0002260,Hypopharyngeal squamous cell carcinoma
hsa_circ_0001189,Hypopharyngeal squamous cell carcinoma
Cir-ITCH/hsa_circ_0001141/hsa_circ_001763,Hepatocellular carcinoma
hsa_circ_0013958,Lung adenocarcinoma
hsa_circ_103110/hsa_circ_0004771,Breast cancer
hsa_circ_104689/hsa_circ_0001824,Breast cancer
hsa_circ_104821/hsa_circ_0001875,Breast cancer
hsa_circ_006054/hsa_circ_0006054,Breast cancer
hsa_circ_100219/hsa_circ_0004619,Breast cancer
hsa_circ_406697,Breast cancer
circABCB10/hsa_circ_0008717,Breast cancer
hsa_circ_0008945,Breast cancer
hsa_circ_0000732,Breast cancer
hsa_circ_0000098,Breast cancer
hsa_circ_0001721,Breast cancer
hsa_circ_0000911,Breast cancer
hsa_circ_0018293,Breast cancer
hsa_circ_0001283,Breast cancer
hsa_circ_0000893,Breast cancer
hsa_circ_0000981,Breast cancer
hsa_circRNA_100338/circSNX27,Hepatocellular carcinoma
hsa_circRNA_104075,Hepatocellular carcinoma
hsa_circRNA 102049,Hepatocellular carcinoma
cANRIL,Atherosclerosis
hsa_circRNA_100782/circHIPK3/hsa_circ_0000284,Non-small cell lung cancer
circRNA_000839,Hepatocellular carcinoma
hsa_circRNA_101238/hsa_circ_0004372,Thoracic aortic dissection
hsa_circRNA_104634/hsa_circ_0084615,Thoracic aortic dissection
hsa_circRNA_002271/hsa_circ_0002271,Thoracic aortic dissection
hsa_circRNA_102771/hsa_circ_0055377,Thoracic aortic dissection
hsa_circRNA_104349/hsa_circ_0079929,Thoracic aortic dissection
hsa_circRNA_102683/hsa_circ_0007386,Thoracic aortic dissection
hsa_circRNA_005525/hsa_circ_0005525,Thoracic aortic dissection
hsa_circRNA_103458/hsa_circ_0067175,Thoracic aortic dissection
CDR1as/ciRS-7/hsa_circ_0001946,Colorectal cancer
rno_circRNA_013779,Neuropathic pain
rno_circRNA_008646,Neuropathic pain
rno_circRNA_35215,Neuropathic pain
rno_circRNA_008973,Neuropathic pain
rno_circRNA_011111,Neuropathic pain
rno_circRNA_007419,Neuropathic pain
rno_circRNA_007512,Neuropathic pain
rno_circRNA_010913,Neuropathic pain
Circ-104916,Gastric cancer
cir-GLI2/hsa_circ_0056288,Osteosarcoma
cZNF609/hsa_circ_0000615,Diabetic retinopathy
cZNF609/hsa_circ_0000615,Hypertension
cZNF609/hsa_circ_0000615,Coronary artery disease
circUBAP2,Osteosarcoma
circUBAP2,Osteosarcoma
hsa_circ_0014717,Gastric cancer
hsa_circ_0007031,Colorectal cancer
hsa_circ_0000504,Colorectal cancer
hsa_circ_0007006,Colorectal cancer
hsa_circ_0074930,Colorectal cancer
hsa_circ_0048232,Colorectal cancer
hsa_circ_0006174,Colorectal cancer
hsa_circ_0008509,Colorectal cancer
hsa_circ_0084021,Colorectal cancer
circRNA_104871,Rheumatoid arthritis
circRNA_003524,Rheumatoid arthritis
circRNA_101873,Rheumatoid arthritis
circRNA_103047,Rheumatoid arthritis
circRNA_092516,Rheumatoid arthritis
hsa_circ_0006633,Gastric cancer
hsa_circ_0058246,Gastric cancer
hsa_circ_0091742,Gastric cancer
hsa_circ_0089548,Gastric cancer
hsa_circ_0003707,Gastric cancer
hsa_circ_0085553,Gastric cancer
hsa_circ_0006022,Gastric cancer
hsa_circ_0031979,Gastric cancer
hsa_circ_0069131,Gastric cancer
circRNA_100269,Gastric cancer
circRNA_010567,Diabetic myocardial fibrosis
hsa_circRNA_000598,Osteoarthritis
hsa_circRNA_103387,Osteoarthritis
hsa_circRNA_101975,Osteoarthritis
circRNA-MSR/hsa_circ_0005567,Osteoarthritis
hsa_circRNA_002082,Hepatic steatosis
hsa_circRNA_000367,Hepatic steatosis
hsa_circRNA_004183,Hepatic steatosis
hsa_circRNA_007850,Hepatic steatosis
hsa_circRNA_004121,Hepatic steatosis
hsa_circRNA_014724,Hepatic steatosis
MFACR/mm9-circ-016597/mmu_circ_0000290,Cardiovascular disease
hsa_circ_0000096/circHIAT1/hsa_circ_001013,Clear cell renal cell carcinoma
hsa_circ_0001313/circCCDC66,Colorectal cancer
hsa_circ_0001313/circCCDC66,Pancreatic cancer
hsa_circ_0001313/circCCDC66,Breast cancer
hsa_circ_0001313/circCCDC66,Cervical cancer
hsa_circ_0003570,Hepatocellular carcinoma
hsa_circ_0023404/circRNA_100876/circ-CER,Non-small cell lung cancer
hsa_circ_0005870,Hypertension
circ-Foxo3/hsa_circ_0006404,Myocardial senescence
circ-Foxo3,Myocardial senescence
hsa_circ_0001895/circPRRC2B/hsa_circ_000760,Gastric cancer
circ-BANP,Colorectal cancer
circZKSCAN1/hsa_circ_0001727,Hepatocellular carcinoma
hsa_circ_0004018,Hepatocellular carcinoma
circBRAF/hsa_circ_0006460,Glioblastoma
hsa_circ_0005603,Glioblastoma
hsa_circ_0008345,Glioblastoma
hsa_circ_0004872,Glioblastoma
hsa_circ_0006411,Glioblastoma
hsa_circ_0003586,Glioblastoma
hsa_circ_0002968,Glioblastoma
hsa_circ_0000199,Glioblastoma
chr4:103501692-103504114,Glioblastoma
hsa_circ_0001566,Glioblastoma
chr18:107887-108499,Glioblastoma
chr19:5761476-5761630,Glioblastoma
rno_circ_0006928,Neuropathic pain following spared nerve injury
rno circ 0004058,Neuropathic pain following spared nerve injury
rno circ 0005854,Neuropathic pain following spared nerve injury
circRar1,Lead-induced neuronal cell apoptosis
CDR1as/ciRS-7/hsa_circ_0001946,Colorectal cancer
circPVT1/hsa_circ_0001821,Lung cancer
circPVT1/hsa_circ_0001821,Breast cancer
hsa_circRNA_101308,Gastric cancer
hsa_circRNA_104423,Gastric cancer
hsa_circRNA_100269,Gastric cancer
hsa_circRNA_104916,Gastric cancer
hsa_circ_0016347,Osteosarcoma
hsa_circ_0000190,Gastric cancer
circPVT1/hsa_circ_0001821,Gastric cancer
hsa_circRNA_400071,Gastric cancer
hsa_circRNA_000792,Gastric cancer
hsa_circRNA_000543,Gastric cancer
hsa_circRNA_001959,Gastric cancer
hsa_circRNA_400066,Gastric cancer
hsa_circRNA_001066,Gastric cancer
hsa_circRNA_103809,Colorectal cancer
hsa_circRNA_104700,Colorectal cancer
hsa circ 0031288/circPABPN1,Cervical carcinoma
hsa_circ_0002343,Cervical carcinoma
hsa_circ_0069399,Cervical carcinoma
hsa_circ_0007386,Cervical carcinoma
hsa_circ_0008844,Cervical carcinoma
hsa_circ_0001212,Cervical carcinoma
hsa_circ_0001187,Cervical carcinoma
hsa_circ_0007928,Cervical carcinoma
hsa_circ_0004277,Acute myeloid leukemia
hsa_circ_0035381,Acute myeloid leukemia
hsa_circ_0004136,Acute myeloid leukemia
hsa_circ_0058058,Acute myeloid leukemia
hsa_circ_0017446,Acute myeloid leukemia
hsa_circRNA_104565/hsa_circ_0002111,Papillary thyroid carcinoma
hsa_circRNA_104566/hsa_circ_0004458,Papillary thyroid carcinoma
hsa_circRNA_100395/hsa_circ_0015278,Papillary thyroid carcinoma
hsa_circRNA_104595/hsa_circ_0008016,Papillary thyroid carcinoma
hsa_circRNA_103110/hsa_circ_0004771,Papillary thyroid carcinoma
hsa_circRNA_100777/hsa_circ_0021553,Papillary thyroid carcinoma
hsa_circRNA_104348/hsa_circ_0079891,Papillary thyroid carcinoma
hsa_circRNA_103454/hsa_circ_0067103,Papillary thyroid carcinoma
hsa_circRNA_105038/hsa_circ_0091894,Papillary thyroid carcinoma
hsa_circRNA_400064/hsa_circ_0092315,Papillary thyroid carcinoma
hsa_circRNA_104268/hsa_circ_0078738,Papillary thyroid carcinoma
hsa_circRNA_103307/hsa_circ_0064557,Papillary thyroid carcinoma
hsa_circRNA_001379/hsa_circ_0000516,Papillary thyroid carcinoma
hsa_circRNA_101356/hsa_circ_0004846,Papillary thyroid carcinoma
hsa_circRNA_102002/hsa_circ_0003505,Papillary thyroid carcinoma
hsa_circRNA_104433/hsa_circ_0081342,Papillary thyroid carcinoma
hsa_circ_0054633,Type 2 diabetes mellitus
hsa_circ_0018508,Type 2 diabetes mellitus
hsa_circ_0068087,Type 2 diabetes mellitus
CircSLC8A1-1,Heart disease
CircSLC8A1-1,Heart disease
GSDMB ecircRNA/hsa_circ_0106803,Multiple sclerosis
hsa_circ_0000096/circHIAT1/hsa_circ_001013,Gastric cancer
circTTBK2/hsa_circ_0000594,Glioma
circ-Foxo3,Breast cancer
hsa_circ_0124644,Coronary artery disease
hsa_circ_0082081,Coronary artery disease
hsa_circ_0113854,Coronary artery disease
hsa_circ_0098964,Coronary artery disease
hsa-circRNA5974-1,Coronary artery disease
hsa_circ_0001649,Gastric cancer
circRNA_000203,Diabetic myocardial fibrosis
CDR1as/ciRS-7/hsa_circ_0001946,Hepatocellular carcinoma
Circ-ZNF609/hsa_circ_0000615,Hirschsprung disease
hsa_circ_0005785,Pancreatic ductal adenocarcinoma
hsa_circ_0001946,Pancreatic ductal adenocarcinoma
hsa_circ_0005397,Pancreatic ductal adenocarcinoma
hsa_circ_0006913,Pancreatic ductal adenocarcinoma
hsa_circ_0000257,Pancreatic ductal adenocarcinoma
hsa_circ_0041150,Pancreatic ductal adenocarcinoma
hsa_circ_0008719,Pancreatic ductal adenocarcinoma
MCF7_circ_000595,Breast cancer
CDR1as/ciRS-7/hsa_circ_0001946,Alzheimer¡¯s disease
hsa_circ_101222/hsa_circ_0029601,Pre-eclampsia
hsa_circ_0000069,Colorectal cancer
IQCK/hsa_circ_0038374,Multiple system atrophy
MAP4K3/hsa_circ_0054211,Multiple system atrophy
EFCAB11/hsa_circ_0032891,Multiple system atrophy
DTNA/hsa_circ_0108308,Multiple system atrophy
MCTP1/hsa_circ_0005540,Multiple system atrophy
circFAT1,Colon cancer
circARHGAP5,Colon cancer
circRTN4,Colon cancer
circRHOBTB3,Colon cancer
circSMARC1A,Colon cancer
Titin circRNAs/cTtns/RBM20-dependent TTN circRNAs,Dilated cardiomyopathy
Titin circRNAs/cTtns/RBM20-dependent TTN circRNAs,Dilated cardiomyopathy
hsa_circ_0067934,Esophageal squamous cell carcinoma
circRNA_002581/mm9_circ_002581/mmu_circ_0001351,Nonalcoholic steatohepatitis
circRNA_007585/mm9_circ_007585/mmu_circ_0001046,Nonalcoholic steatohepatitis
circRNA_002279/mm9_circ_002279,Nonalcoholic steatohepatitis
circRNA_004772/mm9_circ_004772,Nonalcoholic steatohepatitis
circRNA_012164/mm9_circ_012164,Nonalcoholic steatohepatitis
circRNA_008472/mm9_circ_008472,Nonalcoholic steatohepatitis
hsa_circ_0004383/cZNF292,Glioma
hsa_circ_103736/hsa_circ_0070933,Cutaneous squamous cell carcinoma
hsa_circ_103737/hsa_circ_0070934,Cutaneous squamous cell carcinoma
hsa_circ_101555/hsa_circ_0001955,Cutaneous squamous cell carcinoma
HRCR/mm9-circ-012559/mmu_circ_0000254,Hypertrophic cardiomyopathy
hsa_circ_0000615/MICRA,Myocardial infarction
hsa_circRNA_103636/hsa_circ_0001410,Major depressive disorder
hsa_circRNA_002143/hsa_circ_0001907,Major depressive disorder
hsa_circRNA_100679/hsa_circ_0005620 ,Major depressive disorder
hsa_circRNA_102802/hsa_circ_0056048,Major depressive disorder
hsa_circRNA_104953/hsa_circ_0089310,Major depressive disorder
hsa_circRNA_100782/circHIPK3/hsa_circ_0000284,Pre-eclampsia
hsa_circRNA_102682/circCRIM1/hsa_circ_0005442,Pre-eclampsia
hsa_circRNA_104820/circFAM120A/hsa_circ_0005218,Pre-eclampsia
Cir-ITCH/hsa_circ_0001141/hsa_circ_001763,Lung cancer
circANRIL,Atherosclerosis
circTCF25/hsa_circ_0041103,Bladder cancer
circFAM169A/hsa_circ_0007158,Bladder cancer
circTRIM24/hsa_circ_0082582,Bladder cancer
circZFR/hsa_circ_0072088,Bladder cancer
circBC048201/hsa_circ_0061265,Bladder cancer
circPTK2/hsa_circ_0005273,Bladder cancer
circRNA_104983/hsa_circ_0089974,Esophageal cancer
circRNA_001059/hsa_circ_0000554,Esophageal cancer
circRNA_100984/hsa_circ_0002019,Esophageal cancer
circRNA_100367/hsa_circ_0014879,Esophageal cancer
circRNA_101877/hsa_circ_0004519,Esophageal cancer
circRNA_102913/hsa_circ_0058058,Esophageal cancer
circRNA_000695/hsa_circ_0001336,Esophageal cancer
circRNA_000167/hsa_circ_0000518,Esophageal cancer
circRNA_101419/hsa_circ_0032832,Esophageal cancer
circ-Foxo3,Breast cancer
CDR1as/ciRS-7/hsa_circ_0001946,Hepatocellular carcinoma
mmu_circRNA_CDR1as/mmu_circ_0001878,Myocardial infarction induced heart failure
mmu_circRNA_004775,Myocardial infarction induced heart failure
mmu_circRNA_007687,Myocardial infarction induced heart failure
mmu_circRNA_013216,Myocardial infarction induced heart failure
mmu_circRNA_010567,Myocardial infarction induced heart failure
mmu_circRNA_015506,Myocardial infarction induced heart failure
mmu_circRNA_001135,Myocardial infarction induced heart failure
mmu_circRNA_002007,Myocardial infarction induced heart failure
mmu_circRNA_004768,Myocardial infarction induced heart failure
mmu_circRNA_008398,Myocardial infarction induced heart failure
mmu_circRNA_008640,Myocardial infarction induced heart failure
mmu_circRNA_014961,Myocardial infarction induced heart failure
hsa_circ_0005075,Hepatocellular carcinoma
hsa_circ_0075829,Basal cell carcinoma
hsa_circ_0008732,Basal cell carcinoma
hsa_circ_0005912,Basal cell carcinoma
hsa_circ_0000677/hsa_circ_001569/circABCC,Colorectal cancer
Circ_SMARCA5,Glioma
Circ_KCNN2,Glioma
Circ_HIPK3,Glioma
Circ_FKBP8,Glioma
Circ_RIMS1,Glioma
Circ_VCAN,Glioma
Circ_CORO1C,Glioma
Circ_MAN1A2,Glioma
Circ_SLC8A1,Glioma
Circ_STXBP5L,Glioma
Circ_ZNF148,Glioma
Circ_UNC79,Glioma
Circ_EML5,Glioma
Circ_CEP192,Glioma
Circ_RNF10,Glioma
Circ_SAFB2,Glioma
Circ_ADCY1,Glioma
Circ_ETFA,Glioma
Circ_MED12L,Glioma
Circ_CRKL,Glioma
Circ_R3HDM1,Glioma
Circ_MCTP1,Glioma
Circ_BEND6,Glioma
Circ_ERC1,Glioma
hsa_circ_0000284/circHIPK3,Bladder urothelial carcinoma
hsa_circ_0000284/circHIPK3,Breast cancer
hsa_circ_0000284/circHIPK3,Colorectal cancer
hsa_circ_0000284/circHIPK3,Hepatocellular carcinoma
hsa_circ_0000284/circHIPK3,Gastric cancer
hsa_circ_0000284/circHIPK3,Kidney clear cell carcinoma
hsa_circ_0000284/circHIPK3,Prostate adenocarcinoma
circ-Foxo3,Breast cancer
Fusion-circRNAs/f-circRNA(f-circPR£¬f-circM9),Acute promyelocytic leukemia
Circ-CER/circRNA_100876/hsa_circ_0023404,Osteoarthritis
CDR1as/ciRS-7/mmu_circ_0001878,Myocardial infarction
hsa_circRNA_100855/hsa_circ_0023028,Laryngeal squamous cell cancer tissues
hsa_circRNA_104912/hsa_circ_0088442,Laryngeal squamous cell cancer tissues
mmu-circRNA-015947,Cerebral ischemia-reperfusion injury
circRNA_081881,Myocardial infarction
hsa_circ_0001649,Hepatocellular carcinoma
CDR1as/ciRS-7/hsa_circ_0001946,Glioblastoma
hsa_circ_001988/hsa_circ_0001451,Colorectal cancer
circular RNA100783/hsa_circ_0008887,Immunosenescence
hsa_circ_0004383/cZNF292,Ischaemic heart disease
circ-KLDHC10/hsa_circ_0082333,Colorectal cancer
CDR1as/ciRS-7/mmu_circ_0001878,Diabetes mellitus
Cir-ITCH/hsa_circ_0001141/hsa_circ_001763,Colorectal cancer
hsa_circ_0000140/hsa_circ_002059,Gastric cancer
Cir-ITCH/hsa_circ_0001141/hsa_circ_001763,Esophageal squamous cell carcinoma
circ3204,Colorectal cancer
circ6229,Colorectal cancer
circ7374,Colorectal cancer
circ7780,Colorectal cancer
circ0817,Colorectal cancer
CDR1as/ciRS-7/hsa_circ_0001946,Alzheimer¡¯s disease
hsa-circRNA 2149,Nervous inflammatory diseases or immune disorders
circANRIL,Atherosclerotic vascular disease