rna,disease,association
hsa_circ_0000977,Pancreatic ductal adenocarcinoma,1
hsa_circ_0006220,Pancreatic ductal adenocarcinoma,1
hsa_circ_0001666,Pancreatic ductal adenocarcinoma,1
hsa_circ_0043278,Pancreatic ductal adenocarcinoma,1
hsa_circ_0078297,Pancreatic ductal adenocarcinoma,1
hsa_circ_0089810,Primary great saphenous vein varicosities,1
hsa_circ_0000378,Primary great saphenous vein varicosities,1
hsa_circ_0006427,Primary great saphenous vein varicosities,1
hsa_circ_0003171,Primary great saphenous vein varicosities,1
circ_SDHA,Primary great saphenous vein varicosities,1
hsa_circ_0005267,Primary great saphenous vein varicosities,1
hsa_circRNA_100571,Primary hepatic carcinoma,1
hsa_circRNA_400031,Primary hepatic carcinoma,1
hsa_circRNA_102032,Primary hepatic carcinoma,1
hsa_circRNA_103096,Primary hepatic carcinoma,1
hsa_circRNA_102347,Primary hepatic carcinoma,1
circMAN2B2/hsa_circRNA_103595,Lung cancer,1
hsa_circ_0037911,Essential hypertension,1
hsa_circ_0002161,Essential hypertension,1
circRNA.1030,Gestational diabetes mellitus,1
circRNA.5333,Gestational diabetes mellitus,1
circRNA.33299,Gestational diabetes mellitus,1
circRNA.20159,Gestational diabetes mellitus,1
circRNA.37134,Gestational diabetes mellitus,1
circRNA.22054,Gestational diabetes mellitus,1
hsa_circ_0007385,Non-small cell lung cancer,1
hsa_circ_400011/hsa_circ_0092374,Systemic lupus erythematosus,1
hsa_circRNA_000167,Pancreatic cancer,1
hsa_circRNA_100433,Pancreatic cancer,1
hsa_circRNA_101717,Pancreatic cancer,1
hsa_circRNA_102049,Pancreatic cancer,1
hsa_circRNA_102051,Pancreatic cancer,1
hsa_circRNA_102619,Pancreatic cancer,1
hsa_circRNA_103076,Pancreatic cancer,1
hsa_circRNA_103390,Pancreatic cancer,1
hsa_circRNA_104084,Pancreatic cancer,1
hsa_circRNA_104270,Pancreatic cancer,1
circ-Foxo3,Non-small cell lung cancer,1
hsa_circ_102584/hsa_circ_0003146,Systemic lupus erythematosus,1
hsa_circ_101471/hsa_circ_0034398,Systemic lupus erythematosus,1
hsa_circ_104807/hsa_circ_0001866,Systemic lupus erythematosus,1
hsa_circ_102571/hsa_circ_0008615,Systemic lupus erythematosus,1
hsa_circ_100226/hsa_circ_0046599,Systemic lupus erythematosus,1
hsa_circ_100775/hsa_circ_0021549,Systemic lupus erythematosus,1
hsa_circ_101889/hsa_circ_0040705,Systemic lupus erythematosus,1
hsa_circ_0001649,Glioma,1
hsa_circ_0007534,Glioma,1
circRNA_102231,Lung cancer,1
circRNA_0084927/hsa_circ_0084927,Acne,1
circRNA_0001073/hsa_circ_0001073,Acne,1
circRNA_0005941/hsa_circ_0005941,Acne,1
circRNA_0086376/hsa_circ_0086376,Acne,1
circRNA_0018168/hsa_circ_0018168,Acne,1
hsa_circ_0000172,Bladder cancer,1
hsa_circ_0002495,Bladder cancer,1
Chr22: 28943661,Bladder cancer,1
Chr5: 158368701,Bladder cancer,1
Chr9: 74522734,Bladder cancer,1
hsa_circ_0011946,Breast cancer,1
hsa_circ_0007534,Breast cancer,1
hsa_circ_0093859,Breast cancer,1
hsa_circ_0000284/circHIPK3,Colorectal cancer,1
circHECTD1,Silicosis,1
circ_0004712/hsa_circ_0004712,Ovarian endometriosis,1
circ_0002198/hsa_circ_0002198,Ovarian endometriosis,1
hsa_circ_0067934,Hepatocellular carcinoma,1
circHLA-C,Lupus nephritis,1
circZNF609/hsa_circ_0000615,Lupus nephritis,1
circEKL4/hsa_circ_0000175,Lupus nephritis,1
circFAM188A/hsa_circ_0000219,Lupus nephritis,1
circUBR5/hsa_circ_0001819,Lupus nephritis,1
circPDE4B/hsa_circ_0008433,Lupus nephritis,1
circSP100/hsa_circ_0003922,Lupus nephritis,1
chr5:90817794|90827570,Cardiovascular disease,1
chr8:71336875|71337745,Cardiovascular disease,1
chr6:22033342|22038870,Cardiovascular disease,1
chr11:34060062|34073206,Cardiovascular disease,1
circRNA-000911,Breast cancer,1
circRNA-001283,Breast cancer,1
circRNA-001175,Breast cancer,1
circRNA-100438,Breast cancer,1
circC3P1,Hepatocellular carcinoma,1
circPRKCI/hsa_circ_0067934,Lung adenocarcinoma,1
hsa_circ_0087537,Facet joint osteoarthritis,1
hsa_circ_0072668,Facet joint osteoarthritis,1
hsa_circ_0071896,Facet joint osteoarthritis,1
hsa_circ_0063781,Facet joint osteoarthritis,1
hsa_circ_0053743,Facet joint osteoarthritis,1
hsa_circ_0029067,Facet joint osteoarthritis,1
hsa_circ_0005127,Facet joint osteoarthritis,1
circ-SHKBP1,Glioma,1
circ-FBXW7,Glioma,1
circRNA_Atp9b/circ_15898,Osteoarthritis,1
hsa_circ_0046701,Glioma,1
hsa_circ_0001649,Glioma,1
CircDOCK1/hsa_circ_100721,Oral squamous cell carcinoma,1
hsa_circ_0003159,Gastric cancer,1
hsa_circRNA_001937,Tuberculosis,1
hsa_circRNA_009024,Tuberculosis,1
hsa_ circRNA_005086,Tuberculosis,1
hsa_circRNA_102101,Tuberculosis,1
hsa_circRNA_104964,Tuberculosis,1
hsa_circRNA_104296,Tuberculosis,1
circATP2B1/hsa_circ_000826/hsa_circ_0000426,Clear cell renal cell carcinoma,1
hsa_circ_0001649,Colorectal cancer,1
hsa_circ_0080210/circ-GRB10,Intervertebral disc degeneration,1
hsa_circ_0000284/circHIPK3,Hepatocellular carcinoma,1
circSMARCA5/hsa_circ_0001445,Glioblastoma multiforme,1
hsa_circ_0014717,Colorectal cancer,1
mmu_circRNA_017963,Alzheimer¡¯s disease,1
mmu_circRNA_003540,Alzheimer¡¯s disease,1
mmu_circRNA_013699,Alzheimer¡¯s disease,1
mmu_circRNA_012180,Alzheimer¡¯s disease,1
mmu_circRNA_006173,Alzheimer¡¯s disease,1
mmu_circRNA_006229,Alzheimer¡¯s disease,1
circRNA-000284,Cervical cancer,1
hsa_circ_0014130,Non-small cell lung cancer,1
hsa_circ_0016760,Non-small cell lung cancer,1
circPVT1/hsa_circ_0001821,Osteosarcoma,1
hsa_circ_0109046,Endometrial cancer,1
hsa_circ_0002577,Endometrial cancer,1
hsa_circ_0012673,Lung adenocarcinoma,1
hsa_circ_0067531,Hepatocellular carcinoma,1
hsa_circ_0001649,Cholangiocarcinoma,1
mmu-circRNA-30365 ,Osteoarthritis,1
mmu-circRNA-33736,Osteoarthritis,1
mmu-circRNA-2483,Osteoarthritis,1
mmu-circRNA-36866,Osteoarthritis,1
mmu-circRNA-33186,Osteoarthritis,1
mmu-circRNA-2443,Osteoarthritis,1
mmu-circRNA-7063,Osteoarthritis,1
hsa_circ_0000520,Gastric cancer,1
hsa_circ_0001859,Rheumatoid arthritis,1
circZC3H4/mmu_circ_0001544,Silicosis,1
hsa_circ_0015756,Hepatoblastoma,1
hsa_circ_0040081,Hepatoblastoma,1
hsa_circ_0067745,Hepatoblastoma,1
hsa_circ_0062163,Hepatoblastoma,1
hsa_circ_0079549,Hepatoblastoma,1
hsa_circ_0017515,Hepatoblastoma,1
hsa_circ_0045510,Hepatoblastoma,1
hsa_circ_0005931,Hepatoblastoma,1
hsa_circ_0078710,Hepatoblastoma,1
hsa_circ_0041731,Hepatoblastoma,1
hsa_circ_0043534,Hepatoblastoma,1
hsa_circ_0023110,Hepatoblastoma,1
hsa_circ_0023114,Hepatoblastoma,1
hsa_circ_0066077,Hepatoblastoma,1
hsa_circ_0023117,Hepatoblastoma,1
hsa_circ_0057336,Hepatoblastoma,1
hsa_circ_0072359,Hepatoblastoma,1
hsa_circ_0062557,Ovarian endometriosis,1
hsa_circ_0026143,Ovarian endometriosis,1
hsa_circ_0023115,Ovarian endometriosis,1
hsa_circ_0000673,Ovarian endometriosis,1
hsa_circ_0009910,Osteosarcoma,1
circDLGAP4/mmu_circ_0001098,Acute ischemic stroke,1
circDLGAP4,Acute ischemic stroke,1
hsa_circ_0074362,Gastric cancer,1
hsa_circ_0001017,Gastric cancer,1
hsa_circ_0061276,Gastric cancer,1
hsa_circ_0007534,Colorectal cancer,1
rno_circRNA_006508,Traumatic brain injury,1
rno_circRNA_010705,Traumatic brain injury,1
rno_circRNA_001167,Traumatic brain injury,1
rno_circRNA_001168,Traumatic brain injury,1
circHECTD1/mmu_circ_0000375/mm9_circ_002888,Silicosis,1
hsa_circ_0000567,Colorectal cancer,1
hsa_circ_0001564,Osteosarcoma,1
circSMARCA5/hsa_circ_0001445,Hepatocellular carcinoma,1
circ-ZFR,Gastric cancer,1
CDR1as/ciRS-7/hsa_circ_0001946,Gastric cancer,1
circVMA21/hsa_circ_0091702,Intervertebral disc degeneration,1
Cir-ITCH/hsa_circ_0001141/hsa_circ_001763,Bladder cancer,1
circRNA_0046366,Hepatic steatosis,1
hsa_circ_0000681,Pulmonary tuberculosis,1
hsa_circ_0008797,Pulmonary tuberculosis,1
hsa_circ_0002113,Pulmonary tuberculosis,1
hsa_circ_0002362,Pulmonary tuberculosis,1
hsa_circ_0000414,Pulmonary tuberculosis,1
hsa_circ_0063179,Pulmonary tuberculosis,1
hsa_circ_0002908,Pulmonary tuberculosis,1
circUBAP2,Lung cancer,1
hsa_circRNA_404833,Lung adenocarcinoma,1
hsa_circRNA_006411,Lung adenocarcinoma,1
hsa_circRNA_401977,Lung adenocarcinoma,1
circWDR77/hsa_circ_0013509,Cardiovascular disease,1
circRNA_100782,Pancreatic ductal adenocarcinoma,1
circRNA_100782,Pancreatic ductal adenocarcinoma,1
hsa_circ_0000064,Lung cancer,1
hsa_circ_0005105,Osteoarthritis,1
hsa_circ_0075001/circNPM1,Acute myeloid leukemia,1
circRNA BCRC4/hsa_circ_001598/hsa_circ_0001577,Bladder cancer,1
hsa_circ_0005015,Diabetes retinopathy,1
hsa_circ_0000615,Diabetes retinopathy,1
hsa_circ_0019069,Diabetes retinopathy,1
hsa_circ_0066922,Diabetes retinopathy,1
hsa_circ_0081108,Diabetes retinopathy,1
hsa_circ_0081162,Diabetes retinopathy,1
hsa_circ_0087206,Diabetes retinopathy,1
hsa_circ_0087215,Diabetes retinopathy,1
hsa_circ_0041796,Diabetes retinopathy,1
hsa_circ_0072410,Diabetes retinopathy,1
hsa_circ_0026388,Diabetes retinopathy,1
hsa_circ_0057093,Diabetes retinopathy,1
hsa_circ_0030055,Diabetes retinopathy,1
hsa_circ_0026372,Diabetes retinopathy,1
hsa_circ_0068489,Diabetes retinopathy,1
hsa_circ_0008305,Intervertebral disc degeneration,1
hsa_circ_0041946,Intervertebral disc degeneration,1
hsa_circRNA_104194/hsa_circ_0004712,Rheumatoid arthritis,1
hsa_circRNA_104593/hsa_circ_0083964,Rheumatoid arthritis,1
hsa_circRNA_103334/hsa_circ_0064996,Rheumatoid arthritis,1
hsa_circRNA_101407/hsa_circ_0032683,Rheumatoid arthritis,1
hsa_circRNA_102594/hsa_circ_0052012,Rheumatoid arthritis,1
circ-LDLRAD3/hsa_circ_0006988,Pancreatic cancer,1
hsa_circ_0043256,Non-small cell lung cancer,1
hsa_circ_0021001,Intracranial aneurysms,1
hsa-circRNA11783-2,Coronary artery disease,1
hsa-circRNA11783-2,Type 2 diabetes mellitus,1
hsa-circRNA11806-28,Coronary artery disease,1
hsa-circRNA11806-28,Type 2 diabetes mellitus,1
hsa-circRNA6510-1,Coronary artery disease,1
hsa-circRNA6510-1,Type 2 diabetes mellitus,1
hsa_circ_0003575,Atherosclerosis,1
circSMARCA5/hsa_circ_0001445,Prostate cancer,1
circRNA-chr19,Ebola virus disease,1
circRNA_14623,Pulmonary tuberculosis,1
circRNA_09585,Pulmonary tuberculosis,1
circRNA_05538,Pulmonary tuberculosis,1
circRNA_09993,Pulmonary tuberculosis,1
circRNA_13478,Pulmonary tuberculosis,1
circRNA_00074,Pulmonary tuberculosis,1
CircARSP91/hsa_circ_0085154,Hepatocellular carcinoma,1
hsa_circRNA_070616/hsa_circ_0070616,Repeated implantation failure,1
hsa_circRNA_103716/hsa_circ_0006935,Repeated implantation failure,1
hsa_circRNA_104001,Repeated implantation failure,1
hsa_circRNA_104854,Repeated implantation failure,1
hsa_circRNA_004183,Repeated implantation failure,1
hsa_circRNA_044353,Repeated implantation failure,1
hsa_circRNA_404686,Repeated implantation failure,1
circRNA120,Esophageal squamous cell carcinoma,1
circRNA167,Esophageal squamous cell carcinoma,1
circRNA2918,Esophageal squamous cell carcinoma,1
circRNA3341,Esophageal squamous cell carcinoma,1
circRNA3594,Esophageal squamous cell carcinoma,1
circRNA3703,Esophageal squamous cell carcinoma,1
circRNA3706,Esophageal squamous cell carcinoma,1
circRNA3707,Esophageal squamous cell carcinoma,1
circRNA378,Esophageal squamous cell carcinoma,1
circRNA4628,Esophageal squamous cell carcinoma,1
circRNA5669,Esophageal squamous cell carcinoma,1
circRNA666,Esophageal squamous cell carcinoma,1
circRNA7534,Esophageal squamous cell carcinoma,1
circRNA7535,Esophageal squamous cell carcinoma,1
circRNA7536,Esophageal squamous cell carcinoma,1
circRNA7537,Esophageal squamous cell carcinoma,1
circRNA7673,Esophageal squamous cell carcinoma,1
circRNA7674,Esophageal squamous cell carcinoma,1
circRNA7675,Esophageal squamous cell carcinoma,1
circRNA7676,Esophageal squamous cell carcinoma,1
circRNA7679,Esophageal squamous cell carcinoma,1
circRNA8505,Esophageal squamous cell carcinoma,1
circRNA8506,Esophageal squamous cell carcinoma,1
circRNA8507,Esophageal squamous cell carcinoma,1
circRNA904,Esophageal squamous cell carcinoma,1
circRNA9227,Esophageal squamous cell carcinoma,1
circRNA9652,Esophageal squamous cell carcinoma,1
circRNA9656,Esophageal squamous cell carcinoma,1
circRNA9658,Esophageal squamous cell carcinoma,1
circRNA9671,Esophageal squamous cell carcinoma,1
circRNA9771,Esophageal squamous cell carcinoma,1
circRNA9777,Esophageal squamous cell carcinoma,1
mmu_circRNA_19423,Acute respiratory distress syndrome,1
rno_circRNA_010489,Acute respiratory distress syndrome,1
rno_circRNA_011426,Acute respiratory distress syndrome,1
mmu_circRNA_30664,Acute respiratory distress syndrome,1
rno_circRNA_005564 ,Acute respiratory distress syndrome,1
hsa_circ_0003221/circPTK2,Bladder cancer,1
circRNA0047905/hsa_circ_0047905,Gastric cancer,1
circRNA0138960/hsa_circ_0138960,Gastric cancer,1
circRNA0138960/has-circRNA7690-15,Gastric cancer,1
hsa_circRNA_100933/hsa_circ_0023984,Infantile hemangioma,1
hsa_circRNA_100709/hsa_circ_0003570,Infantile hemangioma,1
hsa_circRNA_104310/hsa_circ_0079385,Infantile hemangioma,1
hsa_circRNA_102116/hsa_circ_0003258,Infantile hemangioma,1
hsa_circRNA_051239/hsa_circ_0051239,Infantile hemangioma,1
hsa_circRNA_102039/hsa_circ_0043138,Infantile hemangioma,1
hsa_circ_0001982,Breast cancer,1
hsa_circ_402458 ,Primary biliary cholangitis,1
hsa_circ_406329,Primary biliary cholangitis,1
hsa_circ_407176,Primary biliary cholangitis,1
hsa_circ_082319,Primary biliary cholangitis,1
circZFR/hsa_circRNA_103809/hsa_circ_10072088,Liver cancer,1
circFUT8/hsa_circRNA_101368/hsa_circ_0003028,Liver cancer,1
circIPO11/hsa_circRNA_103847/hsa_circ_0007915,Liver cancer,1
hsa_circ_0000615/MICRA,Myocardial infarction,1
hsa_circ_0043497,Tuberculosis,1
hsa_circ_0030045,Tuberculosis,1
hsa_circ_0001417,Tuberculosis,1
hsa_circ_0030569,Tuberculosis,1
hsa_circ_0001204 ,Tuberculosis,1
hsa_circ_0001785,Breast cancer,1
hsa_circ_0108942,Breast cancer,1
hsa_circ_0068033,Breast cancer,1
circ-NT5C2/hsa_circ_0092509,Osteosarcoma,1
circMTO1/hsa_circRNA_0007874/hsa_circRNA_104135,Hepatocellular carcinoma,1
hsa_circ_0000284/circHIPK3,Diabetes mellitus,1
mmu_circ_0001052/circHIPK3,Diabetes mellitus,1
hsa_circ_000984/hsa_circ_0001724,Colorectal cancer,1
hsa_circRNA_100914/hsa_circ_0023903,Moyamoya disease,1
hsa_circRNA_103343/hsa_circ_0002569,Moyamoya disease,1
hsa_circRNA_050898/hsa_circ_0050898,Moyamoya disease,1
hsa_circRNA_101720/hsa_circ_0002078,Moyamoya disease,1
hsa_circRNA_067209/hsa_circ_0067209,Moyamoya disease,1
hsa_circ_0005836,Active pulmonary tuberculosis,1
hsa_circ_0009128,Active pulmonary tuberculosis,1
hsa_circ_0023956,Active pulmonary tuberculosis,1
hsa_circ_0078768,Active pulmonary tuberculosis,1
hsa_circ_0088452,Active pulmonary tuberculosis,1
circRNA0003906,Colorectal cancer,1
circGFRA1/hsa_circ_005239,Triple negative breast cancer,1
hsa_circ_0045714,Osteoarthritis,1
CDR1as/ciRS-7/hsa_circ_0001946,Hepatocellular carcinoma,1
circAmotl1/hsa_circ_0004214,Breast cancer,1
hsa_circ_0000284/circHIPK3,Bladder cancer,1
hsa_circRNA_103801,Osteosarcoma,1
hsa_circRNA_102049,Osteosarcoma,1
hsa_circRNA_103309,Osteosarcoma,1
hsa_circRNA_101113,Osteosarcoma,1
hsa_circRNA_102485,Osteosarcoma,1
hsa_circRNA_100241,Osteosarcoma,1
hsa_circRNA_104980,Osteosarcoma,1
hsa_circRNA_104692,Osteosarcoma,1
hsa_circRNA_104892,Osteosarcoma,1
hsa_circRNA_102678,Osteosarcoma,1
hsa_circRNA_103110,Osteosarcoma,1
hsa_circRNA_100258,Osteosarcoma,1
hsa_circ_0091017,Bladder cancer,1
hsa_circ_0002024,Bladder cancer,1
hsa_circ_0018289,Cervical cancer,1
hsa_circ_0011021,Cervical cancer,1
hsa_circ_0034912,Cervical cancer,1
hsa_circ_0091822,Cervical cancer,1
hsa_circ_0089231,Cervical cancer,1
hsa_circ_0087432,Cervical cancer,1
hsa_circ_0000181,Gastric cancer,1
hsa_circ_0000745,Gastric cancer,1
hsa_circ_0085616,Gastric cancer,1
hsa_circ_0006127,Gastric cancer,1
hsa_circ_0006528,Breast cancer,1
hsa_circ_0002113,Breast cancer,1
hsa_circ_0002874,Breast cancer,1
hsa_circ_0001667,Breast cancer,1
hsa_circ_0085495,Breast cancer,1
hsa_circ_0086241,Breast cancer,1
hsa_circ_0092276,Breast cancer,1
hsa_circ_0003838,Breast cancer,1
hsa_circ_0071410,Radiation-induced liver fibrosis,1
hsa_circ_0054345,Radiation-induced liver fibrosis,1
hsa_circ_0072765,Radiation-induced liver fibrosis,1
hsa_circ_0070963,Radiation-induced liver fibrosis,1
hsa_circ_0061893,Radiation-induced liver fibrosis,1
hsa_circ_0013255,Radiation-induced liver fibrosis,1
hsa_circ_0020397,Colorectal cancer,1
circMylk/circRNA-MYLK/hsa_circ_0002768,Bladder cancer,1
hsa_circ_0035560,Multiple sclerosis,1
hsa_circ_0005402,Multiple sclerosis,1
hsa_circ_0000518,Multiple sclerosis,1
hsa_circ_0000517,Multiple sclerosis,1
hsa_circ_0000519,Multiple sclerosis,1
hsa_circ_0000520,Multiple sclerosis,1
hsa_circ_0001400,Multiple sclerosis,1
hsa_circ_0056731,Multiple sclerosis,1
hsa_circ_0024892,Multiple sclerosis,1
circVRK1,Breast cancer,1
circBRIP,Breast cancer,1
circOLA,Breast cancer,1
circETFA,Breast cancer,1
circMED13,Breast cancer,1
circBCL11B,Breast cancer,1
hsa_circ_0000026,Gastric cancer,1
hsa_circ_0000144,Gastric cancer,1
hsa_circ_0032821,Gastric cancer,1
hsa_circ_0005529,Gastric cancer,1
hsa_circ_0061274,Gastric cancer,1
hsa_circ_0005927,Gastric cancer,1
hsa_circ_0092341,Gastric cancer,1
hsa_circ_0001561,Gastric cancer,1
circLARP4,Gastric cancer,1
mmu_circRNA_40001,Ischemic brain after stroke,1
mmu_circRNA_013120,Ischemic brain after stroke,1
mmu_circRNA_40806,Ischemic brain after stroke,1
hsa_circ_101396,Leukoaraiosis,1
hsa_circ_102533 ,Leukoaraiosis,1
hsa_circ_103783,Leukoaraiosis,1
hsa_circ_102470,Leukoaraiosis,1
has-circRNA_0046367,Hepatic steatosis,1
rno_circRNA_006016,Hypertension,1
circRNA_100290/hsa_circ_0013339/hsa_circ_100290,Oral squamous cell carcinomas,1
hsa_circ_0076304,Gastric cancer,1
hsa_circ_0035431,Gastric cancer,1
hsa_circ_0076305,Gastric cancer,1
hsa_circRNA_063981,Diabetic retinopathy,1
hsa_circRNA_ 404457,Diabetic retinopathy,1
hsa_circRNA_100750,Diabetic retinopathy,1
hsa_circRNA_406918,Diabetic retinopathy,1
hsa_ circRNA_104387,Diabetic retinopathy,1
hsa_circRNA_103410,Diabetic retinopathy,1
hsa_circRNA_ 100192,Diabetic retinopathy,1
circDENND4C,Breast cancer,1
hsa_circRNA_003251,T2DM with depression,1
hsa_circRNA_015115,T2DM with depression,1
hsa_circRNA_100918,T2DM with depression,1
hsa_circRNA_005019 ,T2DM with depression,1
circR-284,Carotid disease and ischemic stroke,1
hsa_circ_0005986,Hepatocellular carcinoma,1
hsa_circ_0058106,Hypopharyngeal squamous cell carcinoma,1
hsa_circ_0058107,Hypopharyngeal squamous cell carcinoma,1
hsa_circ_0024108,Hypopharyngeal squamous cell carcinoma,1
hsa_circ_0036722,Hypopharyngeal squamous cell carcinoma,1
hsa_circ_0002260,Hypopharyngeal squamous cell carcinoma,1
hsa_circ_0001189,Hypopharyngeal squamous cell carcinoma,1
Cir-ITCH/hsa_circ_0001141/hsa_circ_001763,Hepatocellular carcinoma,1
hsa_circ_0013958,Lung adenocarcinoma,1
hsa_circ_103110/hsa_circ_0004771,Breast cancer,1
hsa_circ_104689/hsa_circ_0001824,Breast cancer,1
hsa_circ_104821/hsa_circ_0001875,Breast cancer,1
hsa_circ_006054/hsa_circ_0006054,Breast cancer,1
hsa_circ_100219/hsa_circ_0004619,Breast cancer,1
hsa_circ_406697,Breast cancer,1
circABCB10/hsa_circ_0008717,Breast cancer,1
hsa_circ_0008945,Breast cancer,1
hsa_circ_0000732,Breast cancer,1
hsa_circ_0000098,Breast cancer,1
hsa_circ_0001721,Breast cancer,1
hsa_circ_0000911,Breast cancer,1
hsa_circ_0018293,Breast cancer,1
hsa_circ_0001283,Breast cancer,1
hsa_circ_0000893,Breast cancer,1
hsa_circ_0000981,Breast cancer,1
hsa_circRNA_100338/circSNX27,Hepatocellular carcinoma,1
hsa_circRNA_104075,Hepatocellular carcinoma,1
hsa_circRNA 102049,Hepatocellular carcinoma,1
cANRIL,Atherosclerosis,1
hsa_circRNA_100782/circHIPK3/hsa_circ_0000284,Non-small cell lung cancer,1
circRNA_000839,Hepatocellular carcinoma,1
hsa_circRNA_101238/hsa_circ_0004372,Thoracic aortic dissection,1
hsa_circRNA_104634/hsa_circ_0084615,Thoracic aortic dissection,1
hsa_circRNA_002271/hsa_circ_0002271,Thoracic aortic dissection,1
hsa_circRNA_102771/hsa_circ_0055377,Thoracic aortic dissection,1
hsa_circRNA_104349/hsa_circ_0079929,Thoracic aortic dissection,1
hsa_circRNA_102683/hsa_circ_0007386,Thoracic aortic dissection,1
hsa_circRNA_005525/hsa_circ_0005525,Thoracic aortic dissection,1
hsa_circRNA_103458/hsa_circ_0067175,Thoracic aortic dissection,1
CDR1as/ciRS-7/hsa_circ_0001946,Colorectal cancer,1
rno_circRNA_013779,Neuropathic pain,1
rno_circRNA_008646,Neuropathic pain,1
rno_circRNA_35215,Neuropathic pain,1
rno_circRNA_008973,Neuropathic pain,1
rno_circRNA_011111,Neuropathic pain,1
rno_circRNA_007419,Neuropathic pain,1
rno_circRNA_007512,Neuropathic pain,1
rno_circRNA_010913,Neuropathic pain,1
Circ-104916,Gastric cancer,1
cir-GLI2/hsa_circ_0056288,Osteosarcoma,1
cZNF609/hsa_circ_0000615,Diabetic retinopathy,1
cZNF609/hsa_circ_0000615,Hypertension,1
cZNF609/hsa_circ_0000615,Coronary artery disease,1
circUBAP2,Osteosarcoma,1
circUBAP2,Osteosarcoma,1
hsa_circ_0014717,Gastric cancer,1
hsa_circ_0007031,Colorectal cancer,1
hsa_circ_0000504,Colorectal cancer,1
hsa_circ_0007006,Colorectal cancer,1
hsa_circ_0074930,Colorectal cancer,1
hsa_circ_0048232,Colorectal cancer,1
hsa_circ_0006174,Colorectal cancer,1
hsa_circ_0008509,Colorectal cancer,1
hsa_circ_0084021,Colorectal cancer,1
circRNA_104871,Rheumatoid arthritis,1
circRNA_003524,Rheumatoid arthritis,1
circRNA_101873,Rheumatoid arthritis,1
circRNA_103047,Rheumatoid arthritis,1
circRNA_092516,Rheumatoid arthritis,1
hsa_circ_0006633,Gastric cancer,1
hsa_circ_0058246,Gastric cancer,1
hsa_circ_0091742,Gastric cancer,1
hsa_circ_0089548,Gastric cancer,1
hsa_circ_0003707,Gastric cancer,1
hsa_circ_0085553,Gastric cancer,1
hsa_circ_0006022,Gastric cancer,1
hsa_circ_0031979,Gastric cancer,1
hsa_circ_0069131,Gastric cancer,1
circRNA_100269,Gastric cancer,1
circRNA_010567,Diabetic myocardial fibrosis,1
hsa_circRNA_000598,Osteoarthritis,1
hsa_circRNA_103387,Osteoarthritis,1
hsa_circRNA_101975,Osteoarthritis,1
circRNA-MSR/hsa_circ_0005567,Osteoarthritis,1
hsa_circRNA_002082,Hepatic steatosis,1
hsa_circRNA_000367,Hepatic steatosis,1
hsa_circRNA_004183,Hepatic steatosis,1
hsa_circRNA_007850,Hepatic steatosis,1
hsa_circRNA_004121,Hepatic steatosis,1
hsa_circRNA_014724,Hepatic steatosis,1
MFACR/mm9-circ-016597/mmu_circ_0000290,Cardiovascular disease,1
hsa_circ_0000096/circHIAT1/hsa_circ_001013,Clear cell renal cell carcinoma,1
hsa_circ_0001313/circCCDC66,Colorectal cancer,1
hsa_circ_0001313/circCCDC66,Pancreatic cancer,1
hsa_circ_0001313/circCCDC66,Breast cancer,1
hsa_circ_0001313/circCCDC66,Cervical cancer,1
hsa_circ_0003570,Hepatocellular carcinoma,1
hsa_circ_0023404/circRNA_100876/circ-CER,Non-small cell lung cancer,1
hsa_circ_0005870,Hypertension,1
circ-Foxo3/hsa_circ_0006404,Myocardial senescence,1
circ-Foxo3,Myocardial senescence,1
hsa_circ_0001895/circPRRC2B/hsa_circ_000760,Gastric cancer,1
circ-BANP,Colorectal cancer,1
circZKSCAN1/hsa_circ_0001727,Hepatocellular carcinoma,1
hsa_circ_0004018,Hepatocellular carcinoma,1
circBRAF/hsa_circ_0006460,Glioblastoma,1
hsa_circ_0005603,Glioblastoma,1
hsa_circ_0008345,Glioblastoma,1
hsa_circ_0004872,Glioblastoma,1
hsa_circ_0006411,Glioblastoma,1
hsa_circ_0003586,Glioblastoma,1
hsa_circ_0002968,Glioblastoma,1
hsa_circ_0000199,Glioblastoma,1
chr4:103501692-103504114,Glioblastoma,1
hsa_circ_0001566,Glioblastoma,1
chr18:107887-108499,Glioblastoma,1
chr19:5761476-5761630,Glioblastoma,1
rno_circ_0006928,Neuropathic pain following spared nerve injury,1
rno circ 0004058,Neuropathic pain following spared nerve injury,1
rno circ 0005854,Neuropathic pain following spared nerve injury,1
circRar1,Lead-induced neuronal cell apoptosis,1
CDR1as/ciRS-7/hsa_circ_0001946,Colorectal cancer,1
circPVT1/hsa_circ_0001821,Lung cancer,1
circPVT1/hsa_circ_0001821,Breast cancer,1
hsa_circRNA_101308,Gastric cancer,1
hsa_circRNA_104423,Gastric cancer,1
hsa_circRNA_100269,Gastric cancer,1
hsa_circRNA_104916,Gastric cancer,1
hsa_circ_0016347,Osteosarcoma,1
hsa_circ_0000190,Gastric cancer,1
circPVT1/hsa_circ_0001821,Gastric cancer,1
hsa_circRNA_400071,Gastric cancer,1
hsa_circRNA_000792,Gastric cancer,1
hsa_circRNA_000543,Gastric cancer,1
hsa_circRNA_001959,Gastric cancer,1
hsa_circRNA_400066,Gastric cancer,1
hsa_circRNA_001066,Gastric cancer,1
hsa_circRNA_103809,Colorectal cancer,1
hsa_circRNA_104700,Colorectal cancer,1
hsa circ 0031288/circPABPN1,Cervical carcinoma,1
hsa_circ_0002343,Cervical carcinoma,1
hsa_circ_0069399,Cervical carcinoma,1
hsa_circ_0007386,Cervical carcinoma,1
hsa_circ_0008844,Cervical carcinoma,1
hsa_circ_0001212,Cervical carcinoma,1
hsa_circ_0001187,Cervical carcinoma,1
hsa_circ_0007928,Cervical carcinoma,1
hsa_circ_0004277,Acute myeloid leukemia,1
hsa_circ_0035381,Acute myeloid leukemia,1
hsa_circ_0004136,Acute myeloid leukemia,1
hsa_circ_0058058,Acute myeloid leukemia,1
hsa_circ_0017446,Acute myeloid leukemia,1
hsa_circRNA_104565/hsa_circ_0002111,Papillary thyroid carcinoma,1
hsa_circRNA_104566/hsa_circ_0004458,Papillary thyroid carcinoma,1
hsa_circRNA_100395/hsa_circ_0015278,Papillary thyroid carcinoma,1
hsa_circRNA_104595/hsa_circ_0008016,Papillary thyroid carcinoma,1
hsa_circRNA_103110/hsa_circ_0004771,Papillary thyroid carcinoma,1
hsa_circRNA_100777/hsa_circ_0021553,Papillary thyroid carcinoma,1
hsa_circRNA_104348/hsa_circ_0079891,Papillary thyroid carcinoma,1
hsa_circRNA_103454/hsa_circ_0067103,Papillary thyroid carcinoma,1
hsa_circRNA_105038/hsa_circ_0091894,Papillary thyroid carcinoma,1
hsa_circRNA_400064/hsa_circ_0092315,Papillary thyroid carcinoma,1
hsa_circRNA_104268/hsa_circ_0078738,Papillary thyroid carcinoma,1
hsa_circRNA_103307/hsa_circ_0064557,Papillary thyroid carcinoma,1
hsa_circRNA_001379/hsa_circ_0000516,Papillary thyroid carcinoma,1
hsa_circRNA_101356/hsa_circ_0004846,Papillary thyroid carcinoma,1
hsa_circRNA_102002/hsa_circ_0003505,Papillary thyroid carcinoma,1
hsa_circRNA_104433/hsa_circ_0081342,Papillary thyroid carcinoma,1
hsa_circ_0054633,Type 2 diabetes mellitus,1
hsa_circ_0018508,Type 2 diabetes mellitus,1
hsa_circ_0068087,Type 2 diabetes mellitus,1
CircSLC8A1-1,Heart disease,1
CircSLC8A1-1,Heart disease,1
GSDMB ecircRNA/hsa_circ_0106803,Multiple sclerosis,1
hsa_circ_0000096/circHIAT1/hsa_circ_001013,Gastric cancer,1
circTTBK2/hsa_circ_0000594,Glioma,1
circ-Foxo3,Breast cancer,1
hsa_circ_0124644,Coronary artery disease,1
hsa_circ_0082081,Coronary artery disease,1
hsa_circ_0113854,Coronary artery disease,1
hsa_circ_0098964,Coronary artery disease,1
hsa-circRNA5974-1,Coronary artery disease,1
hsa_circ_0001649,Gastric cancer,1
circRNA_000203,Diabetic myocardial fibrosis,1
CDR1as/ciRS-7/hsa_circ_0001946,Hepatocellular carcinoma,1
Circ-ZNF609/hsa_circ_0000615,Hirschsprung disease,1
hsa_circ_0005785,Pancreatic ductal adenocarcinoma,1
hsa_circ_0001946,Pancreatic ductal adenocarcinoma,1
hsa_circ_0005397,Pancreatic ductal adenocarcinoma,1
hsa_circ_0006913,Pancreatic ductal adenocarcinoma,1
hsa_circ_0000257,Pancreatic ductal adenocarcinoma,1
hsa_circ_0041150,Pancreatic ductal adenocarcinoma,1
hsa_circ_0008719,Pancreatic ductal adenocarcinoma,1
MCF7_circ_000595,Breast cancer,1
CDR1as/ciRS-7/hsa_circ_0001946,Alzheimer¡¯s disease,1
hsa_circ_101222/hsa_circ_0029601,Pre-eclampsia,1
hsa_circ_0000069,Colorectal cancer,1
IQCK/hsa_circ_0038374,Multiple system atrophy,1
MAP4K3/hsa_circ_0054211,Multiple system atrophy,1
EFCAB11/hsa_circ_0032891,Multiple system atrophy,1
DTNA/hsa_circ_0108308,Multiple system atrophy,1
MCTP1/hsa_circ_0005540,Multiple system atrophy,1
circFAT1,Colon cancer,1
circARHGAP5,Colon cancer,1
circRTN4,Colon cancer,1
circRHOBTB3,Colon cancer,1
circSMARC1A,Colon cancer,1
Titin circRNAs/cTtns/RBM20-dependent TTN circRNAs,Dilated cardiomyopathy,1
Titin circRNAs/cTtns/RBM20-dependent TTN circRNAs,Dilated cardiomyopathy,1
hsa_circ_0067934,Esophageal squamous cell carcinoma,1
circRNA_002581/mm9_circ_002581/mmu_circ_0001351,Nonalcoholic steatohepatitis,1
circRNA_007585/mm9_circ_007585/mmu_circ_0001046,Nonalcoholic steatohepatitis,1
circRNA_002279/mm9_circ_002279,Nonalcoholic steatohepatitis,1
circRNA_004772/mm9_circ_004772,Nonalcoholic steatohepatitis,1
circRNA_012164/mm9_circ_012164,Nonalcoholic steatohepatitis,1
circRNA_008472/mm9_circ_008472,Nonalcoholic steatohepatitis,1
hsa_circ_0004383/cZNF292,Glioma,1
hsa_circ_103736/hsa_circ_0070933,Cutaneous squamous cell carcinoma,1
hsa_circ_103737/hsa_circ_0070934,Cutaneous squamous cell carcinoma,1
hsa_circ_101555/hsa_circ_0001955,Cutaneous squamous cell carcinoma,1
HRCR/mm9-circ-012559/mmu_circ_0000254,Hypertrophic cardiomyopathy,1
hsa_circ_0000615/MICRA,Myocardial infarction,1
hsa_circRNA_103636/hsa_circ_0001410,Major depressive disorder,1
hsa_circRNA_002143/hsa_circ_0001907,Major depressive disorder,1
hsa_circRNA_100679/hsa_circ_0005620 ,Major depressive disorder,1
hsa_circRNA_102802/hsa_circ_0056048,Major depressive disorder,1
hsa_circRNA_104953/hsa_circ_0089310,Major depressive disorder,1
hsa_circRNA_100782/circHIPK3/hsa_circ_0000284,Pre-eclampsia,1
hsa_circRNA_102682/circCRIM1/hsa_circ_0005442,Pre-eclampsia,1
hsa_circRNA_104820/circFAM120A/hsa_circ_0005218,Pre-eclampsia,1
Cir-ITCH/hsa_circ_0001141/hsa_circ_001763,Lung cancer,1
circANRIL,Atherosclerosis,1
circTCF25/hsa_circ_0041103,Bladder cancer,1
circFAM169A/hsa_circ_0007158,Bladder cancer,1
circTRIM24/hsa_circ_0082582,Bladder cancer,1
circZFR/hsa_circ_0072088,Bladder cancer,1
circBC048201/hsa_circ_0061265,Bladder cancer,1
circPTK2/hsa_circ_0005273,Bladder cancer,1
circRNA_104983/hsa_circ_0089974,Esophageal cancer,1
circRNA_001059/hsa_circ_0000554,Esophageal cancer,1
circRNA_100984/hsa_circ_0002019,Esophageal cancer,1
circRNA_100367/hsa_circ_0014879,Esophageal cancer,1
circRNA_101877/hsa_circ_0004519,Esophageal cancer,1
circRNA_102913/hsa_circ_0058058,Esophageal cancer,1
circRNA_000695/hsa_circ_0001336,Esophageal cancer,1
circRNA_000167/hsa_circ_0000518,Esophageal cancer,1
circRNA_101419/hsa_circ_0032832,Esophageal cancer,1
circ-Foxo3,Breast cancer,1
CDR1as/ciRS-7/hsa_circ_0001946,Hepatocellular carcinoma,1
mmu_circRNA_CDR1as/mmu_circ_0001878,Myocardial infarction induced heart failure,1
mmu_circRNA_004775,Myocardial infarction induced heart failure,1
mmu_circRNA_007687,Myocardial infarction induced heart failure,1
mmu_circRNA_013216,Myocardial infarction induced heart failure,1
mmu_circRNA_010567,Myocardial infarction induced heart failure,1
mmu_circRNA_015506,Myocardial infarction induced heart failure,1
mmu_circRNA_001135,Myocardial infarction induced heart failure,1
mmu_circRNA_002007,Myocardial infarction induced heart failure,1
mmu_circRNA_004768,Myocardial infarction induced heart failure,1
mmu_circRNA_008398,Myocardial infarction induced heart failure,1
mmu_circRNA_008640,Myocardial infarction induced heart failure,1
mmu_circRNA_014961,Myocardial infarction induced heart failure,1
hsa_circ_0005075,Hepatocellular carcinoma,1
hsa_circ_0075829,Basal cell carcinoma,1
hsa_circ_0008732,Basal cell carcinoma,1
hsa_circ_0005912,Basal cell carcinoma,1
hsa_circ_0000677/hsa_circ_001569/circABCC,Colorectal cancer,1
Circ_SMARCA5,Glioma,1
Circ_KCNN2,Glioma,1
Circ_HIPK3,Glioma,1
Circ_FKBP8,Glioma,1
Circ_RIMS1,Glioma,1
Circ_VCAN,Glioma,1
Circ_CORO1C,Glioma,1
Circ_MAN1A2,Glioma,1
Circ_SLC8A1,Glioma,1
Circ_STXBP5L,Glioma,1
Circ_ZNF148,Glioma,1
Circ_UNC79,Glioma,1
Circ_EML5,Glioma,1
Circ_CEP192,Glioma,1
Circ_RNF10,Glioma,1
Circ_SAFB2,Glioma,1
Circ_ADCY1,Glioma,1
Circ_ETFA,Glioma,1
Circ_MED12L,Glioma,1
Circ_CRKL,Glioma,1
Circ_R3HDM1,Glioma,1
Circ_MCTP1,Glioma,1
Circ_BEND6,Glioma,1
Circ_ERC1,Glioma,1
hsa_circ_0000284/circHIPK3,Bladder urothelial carcinoma,1
hsa_circ_0000284/circHIPK3,Breast cancer,1
hsa_circ_0000284/circHIPK3,Colorectal cancer,1
hsa_circ_0000284/circHIPK3,Hepatocellular carcinoma,1
hsa_circ_0000284/circHIPK3,Gastric cancer,1
hsa_circ_0000284/circHIPK3,Kidney clear cell carcinoma,1
hsa_circ_0000284/circHIPK3,Prostate adenocarcinoma,1
circ-Foxo3,Breast cancer,1
Fusion-circRNAs/f-circRNA(f-circPR£¬f-circM9),Acute promyelocytic leukemia,1
Circ-CER/circRNA_100876/hsa_circ_0023404,Osteoarthritis,1
CDR1as/ciRS-7/mmu_circ_0001878,Myocardial infarction,1
hsa_circRNA_100855/hsa_circ_0023028,Laryngeal squamous cell cancer tissues,1
hsa_circRNA_104912/hsa_circ_0088442,Laryngeal squamous cell cancer tissues,1
mmu-circRNA-015947,Cerebral ischemia-reperfusion injury,1
circRNA_081881,Myocardial infarction,1
hsa_circ_0001649,Hepatocellular carcinoma,1
CDR1as/ciRS-7/hsa_circ_0001946,Glioblastoma,1
hsa_circ_001988/hsa_circ_0001451,Colorectal cancer,1
circular RNA100783/hsa_circ_0008887,Immunosenescence,1
hsa_circ_0004383/cZNF292,Ischaemic heart disease,1
circ-KLDHC10/hsa_circ_0082333,Colorectal cancer,1
CDR1as/ciRS-7/mmu_circ_0001878,Diabetes mellitus,1
Cir-ITCH/hsa_circ_0001141/hsa_circ_001763,Colorectal cancer,1
hsa_circ_0000140/hsa_circ_002059,Gastric cancer,1
Cir-ITCH/hsa_circ_0001141/hsa_circ_001763,Esophageal squamous cell carcinoma,1
circ3204,Colorectal cancer,1
circ6229,Colorectal cancer,1
circ7374,Colorectal cancer,1
circ7780,Colorectal cancer,1
circ0817,Colorectal cancer,1
CDR1as/ciRS-7/hsa_circ_0001946,Alzheimer¡¯s disease,1
hsa-circRNA 2149,Nervous inflammatory diseases or immune disorders,1
circANRIL,Atherosclerotic vascular disease,1
hsa_circ_00+B2:D74000745,Oral squamous cell carcinoma,0
circRNA_001059/hsa_circ_0000554,Gastric cancer,0
hsa_circRNA_104912/hsa_circ_0088442,Lung adenocarcinoma,0
hsa_circRNA_102485,Bladder urothelial carcinoma,0
hsa_circ_102584/hsa_circ_0003146,Major depressive disorder,0
circRNA_100269,Type 2 diabetes mellitus,0
circGFRA1/hsa_circ_005239,Radiation-induced liver fibrosis,0
mmu_circRNA_006229,Bladder cancer,0
hsa_circ_0000615,Clear cell renal cell carcinoma,0
mmu_circ_0001052/circHIPK3,Pancreatic ductal adenocarcinoma,0
hsa_circRNA_101720/hsa_circ_0002078,Lupus nephritis,0
chr8:71336875|71337745,Primary great saphenous vein varicosities,0
hsa_circ_0045714,Liver cancer,0
hsa_circRNA_406918,Carotid disease and ischemic stroke,0
hsa_circ_0008509,Intracranial aneurysms,0
rno_circRNA_006016,Gestational diabetes mellitus,0
circRNA_004772/mm9_circ_004772,Heart disease,0
hsa_circRNA_104001,Lung cancer,0
circRNA.22054,Oral squamous cell carcinoma,0
hsa_circ_0043256,Acute promyelocytic leukemia,0
hsa_circ_0003586,Hypertension,0
hsa_circ_0041796,Non-small cell lung cancer,0
hsa_circ_0008345,Lupus nephritis,0
hsa_circ_0069131,Triple negative breast cancer,0
hsa_circ_0024108,Glioblastoma,0
hsa_circ_0081162,Papillary thyroid carcinoma,0
DTNA/hsa_circ_0108308,Pancreatic cancer,0
hsa_circ_0005075,Ischemic brain after stroke,0
hsa_circRNA_103410,Non-small cell lung cancer,0
hsa_circRNA_103636/hsa_circ_0001410,Type 2 diabetes mellitus,0
hsa_circ_0029067,Cardiovascular disease,0
hsa_circ_0002495,Liver cancer,0
circRNA.1030,Clear cell renal cell carcinoma,0
circRNA_000203,Bladder cancer,0
hsa_circRNA_104912/hsa_circ_0088442,Acute ischemic stroke,0
Circ_CRKL,Osteosarcoma,0
hsa_circ_0009910,Silicosis,0
IQCK/hsa_circ_0038374,Oral squamous cell carcinoma,0
hsa_circRNA_100933/hsa_circ_0023984,Myocardial infarction induced heart failure,0
circRNA2918,Triple negative breast cancer,0
hsa_circ_0000064,Triple negative breast cancer,0
hsa_circ_0021001,Breast cancer,0
hsa_circ_0008797,Glioma,0
circRNA5669,Atherosclerotic vascular disease,0
mmu_circ_0001052/circHIPK3,Hypertrophic cardiomyopathy,0
circ_0004712/hsa_circ_0004712,Lung adenocarcinoma,0
hsa_circ_0001566,Acute myeloid leukemia,0
cZNF609/hsa_circ_0000615,Glioblastoma,0
hsa_circRNA_100395/hsa_circ_0015278,Oral squamous cell carcinoma,0
hsa_circ_0085553,Lung cancer,0
hsa_circRNA_000167,Major depressive disorder,0
circRNA-000911,Acute ischemic stroke,0
hsa_circRNA_000543,Moyamoya disease,0
hsa_circ_400011/hsa_circ_0092374,Acne,0
hsa_circ_0000026,Papillary thyroid carcinoma,0
hsa_circ_0006633,Laryngeal squamous cell cancer tissues,0
hsa_circRNA_102802/hsa_circ_0056048,Carotid disease and ischemic stroke,0
hsa_circ_0008732,Cutaneous squamous cell carcinoma,0
hsa_circ_0092341,Oral squamous cell carcinomas,0
hsa_circRNA_404686,Endometrial cancer,0
circRNA-100438,Triple negative breast cancer,0
hsa_circ_0057336,Endometrial cancer,0
hsa_circ_0020397,Colorectal cancer,0
circATP2B1/hsa_circ_000826/hsa_circ_0000426,Essential hypertension,0
hsa_circ_0005397,Liver cancer,0
hsa_circ_0005603,Primary hepatic carcinoma,0
hsa_circ_0003171,Myocardial infarction,0
hsa_circ_102470,Infantile hemangioma,0
hsa_circ_0001859,Neuropathic pain following spared nerve injury,0
hsa_circRNA_103309,Immunosenescence,0
hsa_circ_0032821,Type 2 diabetes mellitus,0
circ-BANP,Hepatic steatosis,0
hsa_circ_103736/hsa_circ_0070933,Glioma,0
circRNA.37134,Myocardial infarction induced heart failure,0
hsa_circRNA_100777/hsa_circ_0021553,Hypopharyngeal squamous cell carcinoma,0
circRNA9658,Radiation-induced liver fibrosis,0
circC3P1,Cervical carcinoma,0
circRNA8505,Colorectal cancer,0
hsa_circ_0001649,Bladder urothelial carcinoma,0
hsa_circ_0081162,Ischemic brain after stroke,0
hsa_circRNA_103309,T2DM with depression,0
hsa_circ_0067745,Primary great saphenous vein varicosities,0
hsa_circRNA_103801,Radiation-induced liver fibrosis,0
circRNA_003524,Hepatocellular carcinoma,0
circPVT1/hsa_circ_0001821,Oral squamous cell carcinomas,0
hsa_circ_0081108,Lung adenocarcinoma,0
hsa_circ_0081162,Pulmonary tuberculosis,0
circBRAF/hsa_circ_0006460,Cervical carcinoma,0
hsa_circRNA_100433,Esophageal squamous cell carcinoma,0
circUBAP2,Laryngeal squamous cell cancer tissues,0
hsa_circ_0008305,Systemic lupus erythematosus,0
hsa_circ_103783,Bladder cancer,0
mmu_circ_0001052/circHIPK3,Ischaemic heart disease,0
rno_circRNA_001167,Radiation-induced liver fibrosis,0
circRNA_100782,Moyamoya disease,0
Circ_MED12L,Basal cell carcinoma,0
circRNA_000695/hsa_circ_0001336,Cholangiocarcinoma,0
hsa_circRNA_051239/hsa_circ_0051239,Nonalcoholic steatohepatitis,0
circ0817,Oral squamous cell carcinomas,0
hsa_circ_0026388,Primary great saphenous vein varicosities,0
circRNA-000911,Prostate adenocarcinoma,0
hsa_circRNA_100338/circSNX27,Cervical cancer,0
hsa_circRNA_000792,Ebola virus disease,0
hsa_circ_0000181,Hepatocellular carcinoma,0
hsa_circ_103783,Lung cancer,0
circRNA.5333,Primary biliary cholangitis,0
circRNA0047905/hsa_circ_0047905,Breast cancer,0
hsa_circRNA_000367,Primary hepatic carcinoma,0
hsa_circ_0006913,Acne,0
circ-Foxo3,Laryngeal squamous cell cancer tissues,0
hsa_circRNA_070616/hsa_circ_0070616,Diabetic myocardial fibrosis,0
hsa_circ_0006633,Acne,0
rno circ 0005854,Moyamoya disease,0
hsa_circ_0108942,Lupus nephritis,0
hsa_circRNA_001066,Nonalcoholic steatohepatitis,0
hsa-circRNA6510-1,Tuberculosis,0
hsa_circ_0078710,Primary great saphenous vein varicosities,0
hsa_circ_0037911,Basal cell carcinoma,0
circ_0004712/hsa_circ_0004712,Myocardial infarction,0
circIPO11/hsa_circRNA_103847/hsa_circ_0007915,Cutaneous squamous cell carcinoma,0
hsa_circRNA_067209/hsa_circ_0067209,Cervical carcinoma,0
hsa_circ_0081108,Acute promyelocytic leukemia,0
Circ_CORO1C,Hypertension,0
circTCF25/hsa_circ_0041103,Atherosclerotic vascular disease,0
hsa_circ_0005986,Cervical carcinoma,0
hsa_circRNA_100241,Neuropathic pain following spared nerve injury,0
hsa_circ_0081162,Systemic lupus erythematosus,0
circARHGAP5,Prostate cancer,0
hsa_circ_0005986,Pre-eclampsia,0
hsa_circ_0017446,Cervical carcinoma,0
hsa_circ_0001895/circPRRC2B/hsa_circ_000760,Liver cancer,0
hsa_circRNA_100709/hsa_circ_0003570,Acute myeloid leukemia,0
circ-ZFR,Systemic lupus erythematosus,0
circ_0002198/hsa_circ_0002198,Hirschsprung disease,0
rno_circRNA_010705,Gastric cancer,0
hsa_circ_104807/hsa_circ_0001866,Diabetic myocardial fibrosis,0
hsa_circ_0003570,Endometrial cancer,0
hsa_circ_0005870,Colon cancer,0
circRNA_100367/hsa_circ_0014879,Hypopharyngeal squamous cell carcinoma,0
hsa_circ_0091742,Atherosclerotic vascular disease,0
circRNA9656,Clear cell renal cell carcinoma,0
Circ_UNC79,Basal cell carcinoma,0
hsa-circRNA11783-2,Cutaneous squamous cell carcinoma,0
mmu_circRNA_014961,Intervertebral disc degeneration,0
chr6:22033342|22038870,Oral squamous cell carcinoma,0
circRNA5669,Thoracic aortic dissection,0
hsa_circ_0000181,Tuberculosis,0
Circ_KCNN2,Cervical cancer,0
circRNA_0086376/hsa_circ_0086376,Repeated implantation failure,0
circDENND4C,Bladder urothelial carcinoma,0
hsa_circ_100219/hsa_circ_0004619,Acute myeloid leukemia,0
hsa_circRNA_103716/hsa_circ_0006935,Cervical cancer,0
hsa_circ_0000064,Cholangiocarcinoma,0
circC3P1,Ebola virus disease,0
circPTK2/hsa_circ_0005273,Acute myeloid leukemia,0
hsa_circ_0001666,Myocardial senescence,0
mmu-circRNA-36866,Myocardial senescence,0
circRNA_100367/hsa_circ_0014879,Colon cancer,0
hsa_circ_0029067,Leukoaraiosis,0
hsa_circ_0005986,Hepatocellular carcinoma,0
hsa_circ_0009128,Active pulmonary tuberculosis,0
mmu_circRNA_006173,Cervical carcinoma,0
hsa_circ_0008844,Ischemic brain after stroke,0
circRNA_007585/mm9_circ_007585/mmu_circ_0001046,Cerebral ischemia-reperfusion injury,0
Circ_ERC1,Gastric cancer,0
hsa_circ_0006633,T2DM with depression,0
hsa_circ_100775/hsa_circ_0021549,Ischemic brain after stroke,0
circRNA-MSR/hsa_circ_0005567,Gastric cancer,0
circRNA_008472/mm9_circ_008472,Dilated cardiomyopathy,0
hsa_circRNA_101238/hsa_circ_0004372,Myocardial infarction induced heart failure,0
hsa_circ_0061274,Hepatocellular carcinoma,0
hsa_circ_0018289,Endometrial cancer,0
circPVT1/hsa_circ_0001821,Breast cancer,0
rno_circRNA_011111,Diabetic myocardial fibrosis,0
hsa_circRNA_103716/hsa_circ_0006935,Prostate adenocarcinoma,0
hsa_circ_0054633,Hypertension,0
Circ-104916,Oral squamous cell carcinoma,0
circRNA_000839,Myocardial infarction,0
hsa_circRNA_001066,Tuberculosis,0
circR-284,Lung cancer,0
hsa_circ_0005603,Hepatoblastoma,0
hsa_circ_100775/hsa_circ_0021549,Lead-induced neuronal cell apoptosis,0
hsa_circRNA_100338/circSNX27,Liver cancer,0
hsa_circ_0000673,Hirschsprung disease,0
circRNA4628,Diabetic myocardial fibrosis,0
mmu-circRNA-36866,Systemic lupus erythematosus,0
mmu_circRNA_30664,Cardiovascular disease,0
DTNA/hsa_circ_0108308,Type 2 diabetes mellitus,0
circHLA-C,Acute myeloid leukemia,0
circ-FBXW7,Lupus nephritis,0
hsa_circ_0002968,Infantile hemangioma,0
mmu-circRNA-33736,Thoracic aortic dissection,0
mmu-circRNA-36866,Lung adenocarcinoma,0
circRNA_101419/hsa_circ_0032832,Atherosclerosis,0
hsa_circ_0006411,Acute ischemic stroke,0
hsa_circ_0023956,Hepatocellular carcinoma,0
Circ_KCNN2,Acne,0
hsa_circ_0011021,Atherosclerosis,0
circRNA_0084927/hsa_circ_0084927,Neuropathic pain,0
hsa_circRNA_102678,T2DM with depression,0
hsa_circ_0006411,Cervical cancer,0
hsa_circ_0076305,Hepatocellular carcinoma,0
hsa-circRNA11806-28,Hypertrophic cardiomyopathy,0
hsa_circ_101555/hsa_circ_0001955,Carotid disease and ischemic stroke,0
hsa_circRNA_104348/hsa_circ_0079891,Multiple system atrophy,0
hsa_circ_0000520,Hypertrophic cardiomyopathy,0
hsa_circ_0008732,Facet joint osteoarthritis,0
circHECTD1,Diabetes mellitus,0
hsa_circRNA_103110/hsa_circ_0004771,Neuropathic pain following spared nerve injury,0
hsa_circRNA_100338/circSNX27,Heart disease,0
circRNA-000911,Glioblastoma multiforme,0
rno_circRNA_010489,Neuropathic pain following spared nerve injury,0
Circ_FKBP8,Major depressive disorder,0
circMAN2B2/hsa_circRNA_103595,Hepatic steatosis,0
rno_circRNA_005564 ,Hepatocellular carcinoma,0
hsa_circRNA_051239/hsa_circ_0051239,Cervical cancer,0
hsa_circRNA_ 100192,Kidney clear cell carcinoma,0
hsa_circ_0000615/MICRA,Osteoarthritis,0
hsa_circ_0008345,Hepatoblastoma,0
circRNA BCRC4/hsa_circ_001598/hsa_circ_0001577,Cardiovascular disease,0
circRNA9671,Hypertrophic cardiomyopathy,0
hsa_circRNA_104268/hsa_circ_0078738,Radiation-induced liver fibrosis,0
Circ_FKBP8,Cervical cancer,0
circDLGAP4,Ischemic brain after stroke,0
hsa_circ_0043497,Oral squamous cell carcinoma,0
Fusion-circRNAs/f-circRNA(f-circPRï¼_-circM9),Hepatic steatosis,0
hsa_circ_0084021,Oral squamous cell carcinoma,0
hsa_circ_0066922,Atherosclerosis,0
hsa_circ_0092276,Tuberculosis,0
circGFRA1/hsa_circ_005239,Myocardial infarction,0
hsa_circ_0000069,Primary biliary cholangitis,0
hsa_circ_0063179,Lead-induced neuronal cell apoptosis,0
hsa_circ_0058058,Dilated cardiomyopathy,0
hsa_circ_0007031,Myocardial infarction induced heart failure,0
hsa_circRNA_104634/hsa_circ_0084615,Pancreatic cancer,0
hsa_circ_0058058,Primary great saphenous vein varicosities,0
hsa_circRNA_103334/hsa_circ_0064996,Pulmonary tuberculosis,0
circRNA_000695/hsa_circ_0001336,Lead-induced neuronal cell apoptosis,0
hsa_circ_0023110,Moyamoya disease,0
circBRAF/hsa_circ_0006460,Osteoarthritis,0
hsa_circ_103736/hsa_circ_0070933,Diabetic myocardial fibrosis,0
hsa_circ_0037911,Nervous inflammatory diseases or immune disorders,0
rno_circRNA_006508,Rheumatoid arthritis,0
Circ_MED12L,Oral squamous cell carcinomas,0
Cir-ITCH/hsa_circ_0001141/hsa_circ_001763,Pre-eclampsia,0
hsa_circRNA_005019 ,T2DM with depression,0
chr19:5761476-5761630,Primary great saphenous vein varicosities,0
hsa_circ_103110/hsa_circ_0004771,Myocardial infarction,0
circRNA_0086376/hsa_circ_0086376,Osteosarcoma,0
hsa_circ_0074362,Thoracic aortic dissection,0
hsa_circ_0006220,Nervous inflammatory diseases or immune disorders,0
circRNA_0001073/hsa_circ_0001073,Breast cancer,0
circRNA9671,Primary hepatic carcinoma,0
mmu_circRNA_013120,Non-small cell lung cancer,0
circRNA378,Rheumatoid arthritis,0
circRNA_0001073/hsa_circ_0001073,Hepatocellular carcinoma,0
hsa_circRNA_100679/hsa_circ_0005620 ,Acute promyelocytic leukemia,0
hsa_circ_0035431,Traumatic brain injury,0
Circ_RIMS1,Acne,0
circRNA167,Active pulmonary tuberculosis,0
hsa_circ_0008509,Ischemic brain after stroke,0
hsa_circ_0000069,Hepatic steatosis,0
hsa_circ_0013255,Neuropathic pain following spared nerve injury,0
hsa_circ_0005105,Cerebral ischemia-reperfusion injury,0
hsa_circRNA_104268/hsa_circ_0078738,Bladder cancer,0
hsa_circ_100219/hsa_circ_0004619,Heart disease,0
circFUT8/hsa_circRNA_101368/hsa_circ_0003028,Diabetic retinopathy,0
rno_circRNA_35215,Kidney clear cell carcinoma,0
circETFA,Lung adenocarcinoma,0
circRNA-001283,Hepatic steatosis,0
hsa_circ_0003159,Glioblastoma,0
hsa_circ_104821/hsa_circ_0001875,Repeated implantation failure,0
hsa_circ_0045510,Intracranial aneurysms,0
circRHOBTB3,Traumatic brain injury,0
hsa_circ_0013255,Major depressive disorder,0
circRNA_000839,Type 2 diabetes mellitus,0
hsa_circ_0002260,Rheumatoid arthritis,0
circTRIM24/hsa_circ_0082582,Ebola virus disease,0
hsa_circRNA_103110/hsa_circ_0004771,Kidney clear cell carcinoma,0
hsa_circRNA_102682/circCRIM1/hsa_circ_0005442,Cervical carcinoma,0
hsa_circ_0086241,Repeated implantation failure,0
hsa_circ_104807/hsa_circ_0001866,Glioblastoma multiforme,0
hsa_circ_0006528,Endometrial cancer,0
hsa_circ_0072359,Lung cancer,0
hsa_circ_0031979,Hypertrophic cardiomyopathy,0
hsa_circ_0005127,Atherosclerosis,0
circRNA.5333,Tuberculosis,0
mmu_circRNA_017963,Glioblastoma,0
hsa_circ_0017446,Glioblastoma,0
circRNA.20159,Myocardial senescence,0
hsa_circ_0000026,Atherosclerotic vascular disease,0
hsa_circ_102571/hsa_circ_0008615,Thoracic aortic dissection,0
mmu-circRNA-33736,Hypertrophic cardiomyopathy,0
hsa_circ_406329,Cutaneous squamous cell carcinoma,0
hsa_circ_0072410,T2DM with depression,0
hsa_circ_0002968,Diabetes mellitus,0
circBCL11B,Cardiovascular disease,0
Circ_CRKL,Oral squamous cell carcinoma,0
hsa_circ_0078297,Cerebral ischemia-reperfusion injury,0
hsa_circRNA_104296,Primary biliary cholangitis,0
hsa_circRNA_063981,Gestational diabetes mellitus,0
hsa_circ_0031979,Major depressive disorder,0
hsa_circ_0043256,Essential hypertension,0
hsa_circ_0078297,Prostate adenocarcinoma,0
hsa_circ_0002362,Cutaneous squamous cell carcinoma,0
circZC3H4/mmu_circ_0001544,Hepatocellular carcinoma,0
hsa_circRNA_100258,Acne,0
hsa_circ_0075001/circNPM1,Osteosarcoma,0
hsa_circ_0023110,Primary biliary cholangitis,0
circMylk/circRNA-MYLK/hsa_circ_0002768,Basal cell carcinoma,0
hsa_circRNA_007850,Ebola virus disease,0
hsa_circRNA_100571,Laryngeal squamous cell cancer tissues,0
circRNA_001059/hsa_circ_0000554,Lung cancer,0
hsa_circ_0005931,Systemic lupus erythematosus,0
mmu_circRNA_004775,Glioblastoma multiforme,0
hsa_circ_0000977,Moyamoya disease,0
CDR1as/ciRS-7/mmu_circ_0001878,Acute myeloid leukemia,0
Circ-104916,Acute respiratory distress syndrome,0
circRNA_101877/hsa_circ_0004519,Bladder urothelial carcinoma,0
circRNA9771,Ebola virus disease,0
hsa_circRNA_104001,Lead-induced neuronal cell apoptosis,0
hsa_circ_0024108,Colon cancer,0
circFAM188A/hsa_circ_0000219,Primary biliary cholangitis,0
hsa_circ_0085495,Intervertebral disc degeneration,0
circRNA9771,Acute ischemic stroke,0
hsa_circRNA_100338/circSNX27,Esophageal cancer,0
hsa_circ_0076305,Hypopharyngeal squamous cell carcinoma,0
hsa_circ_0002024,Lupus nephritis,0
hsa_circ_0035431,Tuberculosis,0
hsa_circ_0072410,Lupus nephritis,0
hsa_circ_0072359,Glioma,0
hsa_circ_0023404/circRNA_100876/circ-CER,Essential hypertension,0
hsa_circRNA_104854,Acute promyelocytic leukemia,0
hsa_circRNA_001066,Hepatic steatosis,0
Circ_UNC79,Hepatocellular carcinoma,0
MCF7_circ_000595,Hypertension,0
hsa_circRNA_000167,Pancreatic ductal adenocarcinoma,0
hsa_circ_0001212,Traumatic brain injury,0
circR-284,Endometrial cancer,0
circRNA7534,Liver cancer,0
circRNA BCRC4/hsa_circ_001598/hsa_circ_0001577,Leukoaraiosis,0
hsa_circRNA_005525/hsa_circ_0005525,Multiple system atrophy,0
hsa_circ_0002343,Hypopharyngeal squamous cell carcinoma,0
circRNA_000167/hsa_circ_0000518,Multiple system atrophy,0
circRNA_102231,Immunosenescence,0
circFUT8/hsa_circRNA_101368/hsa_circ_0003028,Cerebral ischemia-reperfusion injury,0
circUBAP2,Triple negative breast cancer,0
circRNA-100438,Pulmonary tuberculosis,0
hsa_circ_0017515,Atherosclerotic vascular disease,0
circRNA7536,Acute ischemic stroke,0
hsa_circ_0072765,T2DM with depression,0
circRNA-000911,Atherosclerotic vascular disease,0
hsa_circ_406329,Acute myeloid leukemia,0
DTNA/hsa_circ_0108308,Pre-eclampsia,0
hsa_circ_0087215,Atherosclerotic vascular disease,0
CDR1as/ciRS-7/mmu_circ_0001878,Osteoarthritis,0
hsa_circ_0008345,Liver cancer,0
hsa_circ_0078768,Gestational diabetes mellitus,0
rno_circ_0006928,Essential hypertension,0
hsa_circRNA_101356/hsa_circ_0004846,Radiation-induced liver fibrosis,0
rno_circ_0006928,Triple negative breast cancer,0
mmu-circRNA-7063,Bladder cancer,0
circRNA_101419/hsa_circ_0032832,Rheumatoid arthritis,0
Circ_KCNN2,Lead-induced neuronal cell apoptosis,0
hsa_circ_0001649,Acute respiratory distress syndrome,0
hsa_circRNA_005525/hsa_circ_0005525,Ischemic brain after stroke,0
hsa_circ_0098964,Intervertebral disc degeneration,0
hsa_circRNA_104075,Lupus nephritis,0
circMAN2B2/hsa_circRNA_103595,Silicosis,0
mmu_circRNA_015506,Clear cell renal cell carcinoma,0
circFAT1,Nonalcoholic steatohepatitis,0
circ6229,Major depressive disorder,0
circRNA378,Triple negative breast cancer,0
mmu_circRNA_013699,Cutaneous squamous cell carcinoma,0
circRNA9777,Coronary artery disease,0
mmu_circRNA_015506,Basal cell carcinoma,0
hsa_circ_0001566,T2DM with depression,0
mmu_circRNA_40806,Intervertebral disc degeneration,0
hsa_circ_0079549,Endometrial cancer,0
CircSLC8A1-1,Hypopharyngeal squamous cell carcinoma,0
hsa_circ_0018289,Type 2 diabetes mellitus,0
circMED13,Atherosclerotic vascular disease,0
hsa_circ_103736/hsa_circ_0070933,Laryngeal squamous cell cancer tissues,0
hsa_circRNA_006411,Osteoarthritis,0
hsa_circ_0000172,Lead-induced neuronal cell apoptosis,0
hsa_circ_0087206,Immunosenescence,0
hsa_circ_0058107,Acne,0
circUBAP2,Prostate cancer,0
hsa_circRNA_102347,Osteosarcoma,0
hsa_circ_0053743,Ischemic brain after stroke,0
hsa_circ_0006633,Acute promyelocytic leukemia,0
hsa_circ_000984/hsa_circ_0001724,Essential hypertension,0
hsa_circ_0030045,Pre-eclampsia,0
hsa_circRNA_100914/hsa_circ_0023903,Myocardial infarction induced heart failure,0
hsa_circ_0109046,Traumatic brain injury,0
circRNA9777,Esophageal squamous cell carcinoma,0
hsa_circ_0089231,Cholangiocarcinoma,0
circRTN4,Intracranial aneurysms,0
hsa_circRNA_104433/hsa_circ_0081342,Hypopharyngeal squamous cell carcinoma,0
Circ_FKBP8,Ebola virus disease,0
circMAN2B2/hsa_circRNA_103595,Atherosclerotic vascular disease,0
hsa_circ_0003575,Lupus nephritis,0
circRNA_104871,Type 2 diabetes mellitus,0
hsa_circRNA_102101,Cerebral ischemia-reperfusion injury,0
hsa_circ_0000284/circHIPK3,Diabetic retinopathy,0
Cir-ITCH/hsa_circ_0001141/hsa_circ_001763,Diabetes mellitus,0
hsa_circ_0054345,Liver cancer,0
rno_circRNA_011111,T2DM with depression,0
circARHGAP5,Tuberculosis,0
hsa_circ_0078297,Non-small cell lung cancer,0
circVRK1,Tuberculosis,0
circGFRA1/hsa_circ_005239,Hypopharyngeal squamous cell carcinoma,0
hsa_circRNA_102002/hsa_circ_0003505,Acute promyelocytic leukemia,0
hsa_circ_0070963,Hirschsprung disease,0
hsa_circ_000984/hsa_circ_0001724,Nervous inflammatory diseases or immune disorders,0
hsa_circ_0023404/circRNA_100876/circ-CER,T2DM with depression,0
hsa_circRNA_103390,Prostate cancer,0
mmu-circRNA-7063,Bladder cancer,0
circRNA8505,Gestational diabetes mellitus,0
mmu_circRNA_008640,Dilated cardiomyopathy,0
Chr5: 158368701,Esophageal cancer,0
hsa-circRNA11806-28,Cardiovascular disease,0
hsa_circRNA_101407/hsa_circ_0032683,Papillary thyroid carcinoma,0
hsa_circ_0005986,Colorectal cancer,0
hsa_circ_0000911,Dilated cardiomyopathy,0
circRNA_00074,Essential hypertension,0
hsa_circ_0041731,Myocardial infarction,0
circ_0002198/hsa_circ_0002198,Hepatocellular carcinoma,0
hsa_circ_0071896,Radiation-induced liver fibrosis,0
hsa_circ_0026388,Breast cancer,0
hsa_circ_101396,Lung cancer,0
circRNA-100438,Atherosclerosis,0
rno_circRNA_008646,Intervertebral disc degeneration,0
hsa_circ_0069131,Radiation-induced liver fibrosis,0
hsa_circRNA_050898/hsa_circ_0050898,Diabetes mellitus,0
rno_circRNA_005564 ,Laryngeal squamous cell cancer tissues,0
hsa_circRNA_104980,Papillary thyroid carcinoma,0
circPVT1/hsa_circ_0001821,Diabetes retinopathy,0
mmu_circRNA_19423,Diabetes mellitus,0
circ-Foxo3/hsa_circ_0006404,Osteosarcoma,0
circUBR5/hsa_circ_0001819,Acute respiratory distress syndrome,0
circPVT1/hsa_circ_0001821,Cervical cancer,0
circRNA-MSR/hsa_circ_0005567,Leukoaraiosis,0
hsa_circ_0001313/circCCDC66,Carotid disease and ischemic stroke,0
Circ_HIPK3,Coronary artery disease,0
hsa_circ_0043497,Carotid disease and ischemic stroke,0
hsa_circ_0045510,Heart disease,0
hsa_circRNA_100338/circSNX27,Cardiovascular disease,0
hsa_circ_0058106,Acute myeloid leukemia,0
hsa_circ_0061893,Pancreatic ductal adenocarcinoma,0
hsa_circRNA_104953/hsa_circ_0089310,Lead-induced neuronal cell apoptosis,0
circRNA9656,Moyamoya disease,0
hsa_circRNA_004121,Glioblastoma,0
hsa_circ_0014717,Moyamoya disease,0
mmu_circRNA_002007,Alzheimer__ disease,0
circMED13,Leukoaraiosis,0
hsa_circ_0000098,Neuropathic pain following spared nerve injury,0
hsa_circRNA_104916,Systemic lupus erythematosus,0
hsa_circ_0006127,Pancreatic ductal adenocarcinoma,0
hsa_circ_0046701,Hirschsprung disease,0
IQCK/hsa_circ_0038374,Pancreatic cancer,0
circTCF25/hsa_circ_0041103,Glioma,0
hsa_circ_0036722,Cutaneous squamous cell carcinoma,0
circBRAF/hsa_circ_0006460,Silicosis,0
hsa_circ_0016347,Cervical carcinoma,0
hsa_circ_0003586,Carotid disease and ischemic stroke,0
hsa_circ_0004872,Rheumatoid arthritis,0
hsa_circ_103737/hsa_circ_0070934,Hypopharyngeal squamous cell carcinoma,0
circZC3H4/mmu_circ_0001544,Radiation-induced liver fibrosis,0
hsa_circ_0005603,Acute promyelocytic leukemia,0
hsa_circRNA_100777/hsa_circ_0021553,Glioblastoma multiforme,0
hsa_circ_0026372,Ischemic brain after stroke,0
hsa_circ_0081162,Ischaemic heart disease,0
hsa_circ_0005075,Kidney clear cell carcinoma,0
hsa_circ_0005127,Intracranial aneurysms,0
hsa_ circRNA_104387,Ebola virus disease,0
hsa_circ_0058106,Esophageal squamous cell carcinoma,0
hsa_circ_0008732,Diabetes mellitus,0
circRTN4,Basal cell carcinoma,0
circZNF609/hsa_circ_0000615,Clear cell renal cell carcinoma,0
circRNA9777,Colon cancer,0
hsa_circ_0019069,Oral squamous cell carcinomas,0
hsa_circRNA_104433/hsa_circ_0081342,Acute myeloid leukemia,0
hsa_circ_0006411,Pre-eclampsia,0
circRNA_081881,Lupus nephritis,0
hsa_circRNA_104565/hsa_circ_0002111,Triple negative breast cancer,0
hsa_circ_0035431,Acute myeloid leukemia,0
hsa_circ_0067934,Cardiovascular disease,0
hsa_circ_0076304,Acute respiratory distress syndrome,0
hsa_circ_0004136,Alzheimer__ disease,0
rno_circRNA_006016,Lung adenocarcinoma,0
hsa_circRNA_102594/hsa_circ_0052012,Nonalcoholic steatohepatitis,0
Circ_STXBP5L,Multiple system atrophy,0
hsa_circ_0006220,Multiple system atrophy,0
hsa_circRNA_ 404457,Hypertrophic cardiomyopathy,0
mmu-circRNA-33186,Hypertension,0
circ0817,Basal cell carcinoma,0
hsa_circ_0005105,Gestational diabetes mellitus,0
rno_circRNA_010489,Breast cancer,0
mmu-circRNA-2483,Ovarian endometriosis,0
rno_circRNA_008973,Lung cancer,0
hsa_circ_0005127,Hirschsprung disease,0
hsa_circRNA_102802/hsa_circ_0056048,Colon cancer,0
mmu-circRNA-30365 ,Acute promyelocytic leukemia,0
hsa_circ_101889/hsa_circ_0040705,Laryngeal squamous cell cancer tissues,0
hsa_circRNA_103716/hsa_circ_0006935,Facet joint osteoarthritis,0
hsa_circ_0001204 ,Primary great saphenous vein varicosities,0
hsa_circRNA 102049,Primary biliary cholangitis,0
CDR1as/ciRS-7/hsa_circ_0001946,Neuropathic pain following spared nerve injury,0
hsa_circ_402458 ,Essential hypertension,0
circRNA_0001073/hsa_circ_0001073,Hypertension,0
hsa_circ_0006220,Myocardial senescence,0
circRNA_0046366,Clear cell renal cell carcinoma,0
circRNA_13478,Laryngeal squamous cell cancer tissues,0
hsa_circ_0005927,Hirschsprung disease,0
hsa_circ_102470,Acute respiratory distress syndrome,0
hsa_ circRNA_104387,Alzheimer's disease,0
hsa_circ_0054345,Gastric cancer,0
mmu_circRNA_014961,Hypertension,0
hsa_circ_0080210/circ-GRB10,Gestational diabetes mellitus,0
hsa_circ_101555/hsa_circ_0001955,Alzheimer's disease,0
circ_0002198/hsa_circ_0002198,Nervous inflammatory diseases or immune disorders,0
hsa_circRNA_103110/hsa_circ_0004771,Hypopharyngeal squamous cell carcinoma,0
hsa_circ_402458 ,Ovarian endometriosis,0
hsa_circ_0000977,Kidney clear cell carcinoma,0
circFAM188A/hsa_circ_0000219,Ovarian endometriosis,0
circHECTD1/mmu_circ_0000375/mm9_circ_002888,Infantile hemangioma,0
circRNA8505,Prostate cancer,0
hsa_circ_0041796,Prostate adenocarcinoma,0
hsa_circRNA_104348/hsa_circ_0079891,Cervical carcinoma,0
Circ_MED12L,Osteosarcoma,0
Circ_MAN1A2,Repeated implantation failure,0
circAmotl1/hsa_circ_0004214,Diabetic myocardial fibrosis,0
circDLGAP4,Cervical cancer,0
hsa_circ_0006427,Tuberculosis,0
hsa_circ_0021001,Glioblastoma multiforme,0
hsa_circ_0023117,Gestational diabetes mellitus,0
chr11:34060062|34073206,Bladder cancer,0
mmu_circRNA_014961,Nervous inflammatory diseases or immune disorders,0
circRNA378,Essential hypertension,0
hsa_circ_0066077,Cholangiocarcinoma,0
hsa_circRNA_100914/hsa_circ_0023903,Immunosenescence,0
hsa_circ_0005402,Cerebral ischemia-reperfusion injury,0
hsa_circ_0000981,Ischemic brain after stroke,0
hsa_circRNA_104075,Atherosclerotic vascular disease,0
hsa_circ_407176,Leukoaraiosis,0
mmu_circRNA_013699,Neuropathic pain,0
hsa_circ_0005836,Repeated implantation failure,0
hsa_circ_0001212,Diabetic retinopathy,0
hsa_circ_0062557,Acute promyelocytic leukemia,0
hsa_circRNA_101975,Papillary thyroid carcinoma,0
hsa_circ_0034912,Active pulmonary tuberculosis,0
hsa_circ_0026372,Facet joint osteoarthritis,0
hsa_circ_0018508,Immunosenescence,0
hsa_circ_0011021,Moyamoya disease,0
chr18:107887-108499,Glioblastoma multiforme,0
hsa_circ_0003707,Hypertension,0
hsa_circ_0001946,Lung cancer,0
Chr22: 28943661,Acute respiratory distress syndrome,0
hsa_circRNA_102771/hsa_circ_0055377,Cholangiocarcinoma,0
circRNA7679,Alzheimer's disease,0
hsa_circ_0057336,Colon cancer,0
circRNA_101873,Pancreatic ductal adenocarcinoma,0
circRNA9227,Neuropathic pain,0
circTCF25/hsa_circ_0041103,Kidney clear cell carcinoma,0
hsa_circ_0072410,Cervical cancer,0
hsa_circ_0016347,Tuberculosis,0
hsa_circRNA_102619,Systemic lupus erythematosus,0
circRNA_092516,Ischemic brain after stroke,0
hsa_circ_0019069,Hepatoblastoma,0
hsa_circ_0007928,Endometrial cancer,0
circRNA-001175,Cardiovascular disease,0
hsa_circ_0086241,Systemic lupus erythematosus,0
hsa_circ_102584/hsa_circ_0003146,Atherosclerosis,0
hsa_circRNA_103076,Atherosclerosis,0
circRNA.37134,Radiation-induced liver fibrosis,0
hsa_circ_407176,Hypertension,0
hsa_circ_0000414,Hepatocellular carcinoma,0
hsa_circ_0004872,Esophageal cancer,0
circFAM169A/hsa_circ_0007158,Primary great saphenous vein varicosities,0
circRNA904,Tuberculosis,0
hsa_circ_102584/hsa_circ_0003146,Acute respiratory distress syndrome,0
circRNA9656,Liver cancer,0
Circ_RNF10,Hypertension,0
circDENND4C,Hepatic steatosis,0
hsa_circRNA_100395/hsa_circ_0015278,Major depressive disorder,0
circRNA7674,Dilated cardiomyopathy,0
hsa_circ_0009910,Pulmonary tuberculosis,0
hsa_circ_0000977,Intracranial aneurysms,0
hsa_circ_0075001/circNPM1,Myocardial infarction,0
hsa_circ_0000681,Cardiovascular disease,0
hsa_circ_0043278,Non-small cell lung cancer,0
hsa_circ_0005015,Liver cancer,0
Circ_EML5,Pre-eclampsia,0
hsa_circ_0006022,Hepatocellular carcinoma,0
hsa_circ_0002874,Lung cancer,0
hsa_circ_0005927,Cervical carcinoma,0
hsa_circ_0066077,Myocardial senescence,0
hsa_circ_0008509,Hypertrophic cardiomyopathy,0
Fusion-circRNAs/f-circRNA(f-circPRï¼_-circM9),Infantile hemangioma,0
MAP4K3/hsa_circ_0054211,Non-small cell lung cancer,0
circ-Foxo3,Carotid disease and ischemic stroke,0
hsa_circ_0006411,Leukoaraiosis,0
circRNA_101877/hsa_circ_0004519,Hypertension,0
hsa_circRNA_400071,Neuropathic pain,0
hsa_circRNA_102116/hsa_circ_0003258,Hirschsprung disease,0
hsa_circ_0000414,Type 2 diabetes mellitus,0
circRNA7537,Colon cancer,0
hsa_circRNA_101975,Hypertension,0
hsa_circ_0005267,Primary hepatic carcinoma,0
has-circRNA_0046367,Lung cancer,0
circMAN2B2/hsa_circRNA_103595,Hypertrophic cardiomyopathy,0
hsa_circ_0002908,Glioma,0
hsa_circ_0093859,Leukoaraiosis,0
hsa_circRNA 102049,Cardiovascular disease,0
circ-FBXW7,Non-small cell lung cancer,0
hsa_circ_0036722,Acute ischemic stroke,0
hsa_circ_0005075,Systemic lupus erythematosus,0
hsa_circ_0076305,Repeated implantation failure,0
hsa_circRNA_102039/hsa_circ_0043138,Prostate adenocarcinoma,0
circRNA_000203,Colorectal cancer,0
circRNA3706,Hepatoblastoma,0
hsa_circ_0045510,Cervical cancer,0
hsa_circ_101555/hsa_circ_0001955,Glioblastoma multiforme,0
Circ_BEND6,Lead-induced neuronal cell apoptosis,0
circGFRA1/hsa_circ_005239,Traumatic brain injury,0
circRNA_012164/mm9_circ_012164,Ovarian endometriosis,0
Circ_MAN1A2,Cervical cancer,0
hsa_circ_0005105,Prostate cancer,0
hsa_circRNA_044353,Carotid disease and ischemic stroke,0
hsa_circRNA_104001,Traumatic brain injury,0
hsa_circ_406329,Acute ischemic stroke,0
hsa_circ_0023115,Liver cancer,0
mmu_circRNA_002007,Cervical carcinoma,0
hsa_circRNA_051239/hsa_circ_0051239,Leukoaraiosis,0
mmu-circRNA-33186,Multiple system atrophy,0
rno_circRNA_008973,Clear cell renal cell carcinoma,0
hsa_circ_100219/hsa_circ_0004619,Radiation-induced liver fibrosis,0
circ-NT5C2/hsa_circ_0092509,Basal cell carcinoma,0
hsa_circRNA_104916,Myocardial infarction,0
hsa_circRNA_103343/hsa_circ_0002569,Prostate adenocarcinoma,0
circRNA9658,Cervical carcinoma,0
circRNA_102231,Acute myeloid leukemia,0
hsa_circ_0024892,Myocardial infarction,0
circRNA_13478,Acute promyelocytic leukemia,0
circ7780,Laryngeal squamous cell cancer tissues,0
hsa_circ_0062557,Neuropathic pain,0
circRNA_102231,Acne,0
hsa_circRNA_104892,Intracranial aneurysms,0
circRNA9227,Colorectal cancer,0
hsa_circ_0058058,Ebola virus disease,0
hsa_circ_0062163,Essential hypertension,0
hsa_circ_0004383/cZNF292,Cerebral ischemia-reperfusion injury,0
hsa_circ_102470,Intracranial aneurysms,0
hsa_circ_101396,Acute myeloid leukemia,0
hsa_circ_0000519,Glioblastoma,0
hsa_circRNA_003251,Lung cancer,0
hsa circ 0031288/circPABPN1,Coronary artery disease,0
hsa_circ_0008719,Glioblastoma multiforme,0
circRNA0003906,Hypopharyngeal squamous cell carcinoma,0
hsa_circRNA_104194/hsa_circ_0004712,Facet joint osteoarthritis,0
hsa_circ_0056731,Neuropathic pain,0
hsa_circ_0089231,Prostate cancer,0
hsa_circRNA_002143/hsa_circ_0001907,Endometrial cancer,0
mmu_circRNA_40001,Prostate cancer,0
hsa_circ_0001666,Pancreatic ductal adenocarcinoma,0
Circ_UNC79,Neuropathic pain following spared nerve injury,0
hsa_circRNA_104270,Ebola virus disease,0
hsa_circRNA_067209/hsa_circ_0067209,Silicosis,0
EFCAB11/hsa_circ_0032891,Glioblastoma,0
hsa_circ_0001895/circPRRC2B/hsa_circ_000760,Hepatic steatosis,0
hsa_circ_0012673,Dilated cardiomyopathy,0
mmu-circRNA-36866,Prostate adenocarcinoma,0
hsa_circRNA_104194/hsa_circ_0004712,Myocardial infarction induced heart failure,0
hsa_circ_0005402,Radiation-induced liver fibrosis,0
hsa_circ_0008345,Diabetic retinopathy,0
circVRK1,Bladder urothelial carcinoma,0
circRNA_000203,Liver cancer,0
Circ_RNF10,Hypopharyngeal squamous cell carcinoma,0
Circ_FKBP8,Atherosclerotic vascular disease,0
hsa_circ_0006528,Acute myeloid leukemia,0
circRNA_104983/hsa_circ_0089974,Ischaemic heart disease,0
hsa_circ_0061274,Papillary thyroid carcinoma,0
hsa_circ_0007385,Neuropathic pain,0
circBC048201/hsa_circ_0061265,Gestational diabetes mellitus,0
hsa_circ_0053743,Lung adenocarcinoma,0
hsa_circ_0085616,Hypertrophic cardiomyopathy,0
circMAN2B2/hsa_circRNA_103595,Diabetes mellitus,0
CDR1as/ciRS-7/hsa_circ_0001946,Acute promyelocytic leukemia,0
hsa_circRNA_103076,Diabetes retinopathy,0
hsa_ circRNA_005086,Cervical carcinoma,0
MAP4K3/hsa_circ_0054211,Pre-eclampsia,0
circVMA21/hsa_circ_0091702,Infantile hemangioma,0
mmu-circRNA-30365 ,Pre-eclampsia,0
hsa_circRNA_400071,Colorectal cancer,0
hsa_circ_0001859,Type 2 diabetes mellitus,0
Circ-ZNF609/hsa_circ_0000615,Nonalcoholic steatohepatitis,0
hsa_circRNA_404686,Lung cancer,0
hsa_circRNA_104593/hsa_circ_0083964,Acute ischemic stroke,0
hsa_circRNA_103454/hsa_circ_0067103,Moyamoya disease,0
hsa_circ_0001859,Multiple system atrophy,0
circRNA_14623,Esophageal cancer,0
rno circ 0005854,Facet joint osteoarthritis,0
hsa_circ_0089548,Liver cancer,0
hsa_circ_0001895/circPRRC2B/hsa_circ_000760,Infantile hemangioma,0
hsa_circ_0013958,Atherosclerotic vascular disease,0
circRNA_Atp9b/circ_15898,Tuberculosis,0
mmu-circRNA-30365 ,Neuropathic pain following spared nerve injury,0
hsa_circRNA_104001,Glioblastoma,0
MAP4K3/hsa_circ_0054211,Acute promyelocytic leukemia,0
circRNA9771,Endometrial cancer,0
circTCF25/hsa_circ_0041103,Leukoaraiosis,0
hsa_circRNA_104348/hsa_circ_0079891,Acute myeloid leukemia,0
hsa_circ_0000190,Osteoarthritis,0
hsa_circRNA_103309,Colorectal cancer,0
hsa_circRNA_004183,Cerebral ischemia-reperfusion injury,0
hsa_circRNA_004183,Hypertension,0
hsa_circ_0001566,Glioblastoma multiforme,0
hsa_circ_0005870,Papillary thyroid carcinoma,0
hsa_circRNA_102049,Lupus nephritis,0
hsa_circ_0082081,Neuropathic pain following spared nerve injury,0
hsa_circ_0092341,Diabetic myocardial fibrosis,0
rno_circRNA_006508,Cervical cancer,0
hsa_circ_0001212,Major depressive disorder,0
hsa_circ_0018289,Pancreatic cancer,0
circ_SDHA,Osteoarthritis,0
hsa_circ_0018508,Glioblastoma,0
circRNA_012164/mm9_circ_012164,T2DM with depression,0
circ_0002198/hsa_circ_0002198,Silicosis,0
chr5:90817794|90827570,Oral squamous cell carcinoma,0
hsa_circRNA_101308,Lung adenocarcinoma,0
circ-BANP,Systemic lupus erythematosus,0
rno_circRNA_006508,Papillary thyroid carcinoma,0
hsa_ circRNA_104387,Lung adenocarcinoma,0
hsa_circ_0037911,Cardiovascular disease,0
hsa_circ_0005267,Colon cancer,0
Chr9: 74522734,Silicosis,0
Circ_KCNN2,Breast cancer,0
hsa_circ_0012673,Diabetic myocardial fibrosis,0